{"id":"KP","name":"Korea, Democratic People's Republic of","month":"2018-07","access_date":"2018-08-03","data":{"chrome":{"4":null,"5":null,"6":null,"7":null,"8":null,"9":null,"10":null,"11":null,"12":1.20486,"13":null,"14":null,"15":null,"16":null,"17":null,"18":null,"19":null,"20":null,"21":null,"22":null,"23":null,"24":null,"25":null,"26":null,"27":0.0467,"28":null,"29":null,"30":null,"31":null,"32":null,"33":null,"34":1.29826,"35":null,"36":null,"37":null,"38":6.2111,"39":null,"40":null,"41":null,"42":null,"43":0.13076,"44":null,"45":0.0467,"46":0.5137,"47":0.47634,"48":1.59714,"49":0.13076,"50":null,"51":0.69116,"52":0.47634,"53":null,"54":0.26152,"55":6.64074,"56":0.08406,"57":0.69116,"58":0.21482,"59":null,"60":null,"61":5.17436,"62":null,"63":3.75468,"64":0.16812,"65":5.51994,"66":19.23106,"67":6.12704,"68":4.74472,"69":null,"70":null,"71":null},"firefox":{"2":null,"3":null,"3.5":null,"3.6":null,"4":null,"5":null,"6":null,"7":null,"8":null,"9":null,"10":null,"11":null,"12":null,"13":null,"14":null,"15":null,"16":null,"17":null,"18":null,"19":null,"20":null,"21":null,"22":null,"23":null,"24":0.0467,"25":null,"26":null,"27":null,"28":null,"29":null,"30":null,"31":0.69116,"32":null,"33":null,"34":null,"35":null,"36":null,"37":null,"38":null,"39":null,"40":null,"41":null,"42":null,"43":0.77522,"44":null,"45":10.741,"46":null,"47":null,"48":null,"49":null,"50":null,"51":null,"52":2.54048,"53":null,"54":0.0467,"55":null,"56":null,"57":0.5137,"58":null,"59":0.6071,"60":0.95268,"61":3.9695,"62":0.0467,"63":null},"opera":{"9":null,"9.5-9.6":null,"10.0-10.1":0,"10.5":null,"10.6":null,"11":null,"11.1":null,"11.5":null,"11.6":null,"12":null,"12.1":null,"15":null,"16":null,"17":null,"18":null,"19":null,"20":null,"21":null,"22":null,"23":null,"24":null,"25":null,"26":null,"27":null,"28":null,"29":null,"30":null,"31":null,"32":null,"33":null,"34":null,"35":null,"36":null,"37":null,"38":null,"39":null,"40":null,"41":null,"42":null,"43":null,"44":null,"45":null,"46":null,"47":null,"48":null,"49":null,"50":null,"51":null,"52":null,"53":0.29888},"safari":{"3.1":null,"3.2":null,"4":0,"5":null,"5.1":null,"6":null,"6.1":null,"7":null,"7.1":null,"8":null,"9":null,"9.1":null,"10":null,"10.1":null,"11":null,"11.1":0.21482,"12":null,"0":null},"ios_saf":{"3.2":0.000110792316927,"4.0-4.1":0,"4.2-4.3":0.00033237695078,"5.0-5.1":0.00199426170468,"6.0-6.1":0.000886338535414,"7.0-7.1":0.00587199279712,"8":0.000886338535414,"8.1-8.4":0.00842021608643,"9.0-9.2":0.00443169267707,"9.3":0.033348487395,"10.0-10.2":0.0358967106843,"10.3":0.0666969747899,"11.0-11.2":0.142922088836,"11.3-11.4":0.798258643457,"12":0.00742308523409},"android":{"2.1":0,"2.2":0,"2.3":0,"3":0,"4":0,"4.1":0,"4.2-4.3":0.0123476439791,"4.4":0.045994973822,"4.4.3-4.4.4":0.030097382199,"67":null},"op_mob":{"10":null,"11":null,"11.1":null,"11.5":null,"12":null,"12.1":null,"0":null},"ie":{"5.5":null,"6":null,"7":null,"8":0.401488450704,"9":null,"10":null,"11":1.6346315493},"edge":{"12":0.0467,"13":0.08406,"14":null,"15":0.0467,"16":0.08406,"17":2.07348,"18":null},"samsung":{"4":0.0408793846154,"5":0.0408793846154,"6.2":0.316815230769,"7.2":null},"bb":{"7":0,"10":0},"ie_mob":{"10":0.010376242623,"11":3.15437775738},"op_mini":{"0":0},"and_chr":{"0":3.10068},"baidu":{"0":null},"and_ff":{"0":null},"and_qq":{"1.2":null},"and_uc":{"0":0.3102}},"total":99.421928}