{"id":"TK","name":"Tokelau","month":"2018-07","access_date":"2018-08-03","data":{"chrome":{"4":null,"5":null,"6":null,"7":null,"8":null,"9":null,"10":null,"11":null,"12":null,"13":null,"14":null,"15":null,"16":null,"17":null,"18":null,"19":null,"20":null,"21":null,"22":null,"23":null,"24":null,"25":null,"26":null,"27":null,"28":null,"29":null,"30":null,"31":null,"32":null,"33":null,"34":null,"35":null,"36":null,"37":null,"38":null,"39":null,"40":null,"41":null,"42":null,"43":null,"44":null,"45":null,"46":null,"47":null,"48":null,"49":null,"50":null,"51":null,"52":null,"53":null,"54":null,"55":null,"56":null,"57":null,"58":null,"59":null,"60":null,"61":null,"62":null,"63":null,"64":null,"65":null,"66":null,"67":56.986104,"68":null,"69":null,"70":null,"71":null},"firefox":{"2":null,"3":null,"3.5":null,"3.6":null,"4":null,"5":null,"6":null,"7":null,"8":null,"9":null,"10":null,"11":null,"12":null,"13":null,"14":null,"15":null,"16":null,"17":null,"18":null,"19":null,"20":null,"21":null,"22":null,"23":null,"24":null,"25":null,"26":null,"27":null,"28":null,"29":null,"30":null,"31":null,"32":null,"33":null,"34":null,"35":null,"36":null,"37":null,"38":null,"39":null,"40":null,"41":null,"42":null,"43":null,"44":null,"45":null,"46":null,"47":null,"48":null,"49":null,"50":null,"51":null,"52":null,"53":null,"54":null,"55":null,"56":null,"57":null,"58":null,"59":null,"60":0.557708,"61":1.115416,"62":null,"63":null},"opera":{"9":null,"9.5-9.6":null,"10.0-10.1":0,"10.5":null,"10.6":null,"11":null,"11.1":null,"11.5":null,"11.6":null,"12":null,"12.1":null,"15":null,"16":null,"17":null,"18":null,"19":null,"20":null,"21":null,"22":null,"23":null,"24":null,"25":null,"26":null,"27":null,"28":null,"29":null,"30":null,"31":null,"32":null,"33":null,"34":null,"35":null,"36":null,"37":null,"38":null,"39":null,"40":null,"41":null,"42":null,"43":null,"44":null,"45":null,"46":null,"47":null,"48":null,"49":null,"50":null,"51":null,"52":null,"53":null},"safari":{"3.1":null,"3.2":null,"4":0,"5":null,"5.1":null,"6":null,"6.1":null,"7":null,"7.1":null,"8":null,"9":null,"9.1":5.027696,"10":null,"10.1":10.055392,"11":0.557708,"11.1":null,"12":null,"0":null},"ios_saf":{"3.2":0.000372556222489,"4.0-4.1":0,"4.2-4.3":0.00111766866747,"5.0-5.1":0.0067060120048,"6.0-6.1":0.00298044977991,"7.0-7.1":0.0197454797919,"8":0.00298044977991,"8.1-8.4":0.0283142729092,"9.0-9.2":0.0149022488996,"9.3":0.112139422969,"10.0-10.2":0.120708216086,"10.3":0.224278845938,"11.0-11.2":0.480597527011,"11.3-11.4":2.68426758303,"12":0.0249612669068},"android":{"2.1":0,"2.2":0,"2.3":0,"3":0,"4":0,"4.1":0,"4.2-4.3":0,"4.4":0,"4.4.3-4.4.4":0,"67":null},"op_mob":{"10":null,"11":null,"11.1":null,"11.5":null,"12":null,"12.1":null,"0":null},"ie":{"5.5":null,"6":null,"7":null,"8":null,"9":null,"10":null,"11":null},"edge":{"12":null,"13":5.027696,"14":null,"15":null,"16":null,"17":null,"18":null},"samsung":{"4":null,"5":1.85888334802,"6.2":0.623272651982,"7.2":null},"bb":{"7":0,"10":0},"ie_mob":{"10":0.145307724138,"11":0.502988275862},"op_mini":{"0":0},"and_chr":{"0":14.464376},"baidu":{"0":null},"and_ff":{"0":null},"and_qq":{"1.2":null},"and_uc":{"0":null}},"total":100.64662}