{
    "authors": "Bill Armstrong <https://github.com/BillArmstrong>, Yuki Kokubun <https://github.com/Kuniwak>, Craig Nishina <https://github.com/cnishina>",
    "libraryDependencies": [],
    "moduleDependencies": [],
    "libraryMajorVersion": 2,
    "libraryMinorVersion": 53,
    "libraryName": "Selenium WebDriverJS",
    "typingsPackageName": "selenium-webdriver",
    "projectName": "https://github.com/SeleniumHQ/selenium/tree/master/javascript/node/selenium-webdriver",
    "sourceRepoURL": "https://www.github.com/DefinitelyTyped/DefinitelyTyped",
    "sourceBranch": "master",
    "globals": [],
    "declaredModules": [
        "selenium-webdriver",
        "selenium-webdriver\\chrome",
        "selenium-webdriver\\edge",
        "selenium-webdriver\\executors",
        "selenium-webdriver\\firefox",
        "selenium-webdriver\\http",
        "selenium-webdriver\\ie",
        "selenium-webdriver\\opera",
        "selenium-webdriver\\remote",
        "selenium-webdriver\\safari",
        "selenium-webdriver\\testing"
    ],
    "files": [
        "chrome.d.ts",
        "edge.d.ts",
        "executors.d.ts",
        "firefox.d.ts",
        "http.d.ts",
        "ie.d.ts",
        "index.d.ts",
        "opera.d.ts",
        "remote.d.ts",
        "safari.d.ts",
        "testing.d.ts"
    ],
    "hasPackageJson": false,
    "contentHash": "bd4760bfc61f70ccb4cbbdcade1de0433a4d4d4e60667229840cda16fe9fafc1"
}