{"__symbolic":"module","version":3,"metadata":{"ɵa":{"provide":{"__symbolic":"reference","name":"NG_VALUE_ACCESSOR"},"useExisting":{"__symbolic":"reference","name":"CheckboxControlValueAccessor"},"multi":true},"ɵb":{"provide":{"__symbolic":"reference","name":"NG_VALUE_ACCESSOR"},"useExisting":{"__symbolic":"reference","name":"DefaultValueAccessor"},"multi":true},"ɵc":{"__symbolic":"class","members":{"__ctor__":[{"__symbolic":"constructor","parameters":[{"__symbolic":"reference","name":"AbstractControlDirective"}]}]}},"ɵd":{"[class.ng-untouched]":"ngClassUntouched","[class.ng-touched]":"ngClassTouched","[class.ng-pristine]":"ngClassPristine","[class.ng-dirty]":"ngClassDirty","[class.ng-valid]":"ngClassValid","[class.ng-invalid]":"ngClassInvalid","[class.ng-pending]":"ngClassPending"},"ɵe":{"provide":{"__symbolic":"reference","name":"ControlContainer"},"useExisting":{"__symbolic":"reference","name":"NgForm"}},"ɵf":{"provide":{"__symbolic":"reference","name":"NgControl"},"useExisting":{"__symbolic":"reference","name":"NgModel"}},"ɵg":{"provide":{"__symbolic":"reference","name":"ControlContainer"},"useExisting":{"__symbolic":"reference","name":"NgModelGroup"}},"ɵh":{"provide":{"__symbolic":"reference","name":"NG_VALUE_ACCESSOR"},"useExisting":{"__symbolic":"reference","name":"RadioControlValueAccessor"},"multi":true},"ɵi":{"__symbolic":"class","decorators":[{"__symbolic":"call","expression":{"__symbolic":"reference","module":"@angular/core","name":"Injectable"}}],"members":{"add":[{"__symbolic":"method"}],"remove":[{"__symbolic":"method"}],"select":[{"__symbolic":"method"}],"_isSameGroup":[{"__symbolic":"method"}]}},"ɵj":{"provide":{"__symbolic":"reference","name":"NgControl"},"useExisting":{"__symbolic":"reference","name":"FormControlDirective"}},"ɵk":{"provide":{"__symbolic":"reference","name":"NgControl"},"useExisting":{"__symbolic":"reference","name":"FormControlName"}},"ɵl":{"provide":{"__symbolic":"reference","name":"ControlContainer"},"useExisting":{"__symbolic":"reference","name":"FormGroupDirective"}},"ɵm":{"provide":{"__symbolic":"reference","name":"ControlContainer"},"useExisting":{"__symbolic":"reference","name":"FormGroupName"}},"ɵn":{"provide":{"__symbolic":"reference","name":"ControlContainer"},"useExisting":{"__symbolic":"reference","name":"FormArrayName"}},"ɵo":{"provide":{"__symbolic":"reference","name":"NG_VALUE_ACCESSOR"},"useExisting":{"__symbolic":"reference","name":"SelectControlValueAccessor"},"multi":true},"ɵp":{"provide":{"__symbolic":"reference","name":"NG_VALUE_ACCESSOR"},"useExisting":{"__symbolic":"reference","name":"SelectMultipleControlValueAccessor"},"multi":true},"ɵq":{"__symbolic":"class","decorators":[{"__symbolic":"call","expression":{"__symbolic":"reference","module":"@angular/core","name":"Directive"},"arguments":[{"selector":"option"}]}],"members":{"__ctor__":[{"__symbolic":"constructor","parameterDecorators":[null,null,[{"__symbolic":"call","expression":{"__symbolic":"reference","module":"@angular/core","name":"Optional"}},{"__symbolic":"call","expression":{"__symbolic":"reference","module":"@angular/core","name":"Host"}}]],"parameters":[{"__symbolic":"reference","module":"@angular/core","name":"ElementRef"},{"__symbolic":"reference","module":"@angular/core","name":"Renderer2"},{"__symbolic":"reference","name":"SelectMultipleControlValueAccessor"}]}],"ngValue":[{"__symbolic":"property","decorators":[{"__symbolic":"call","expression":{"__symbolic":"reference","module":"@angular/core","name":"Input"},"arguments":["ngValue"]}]}],"value":[{"__symbolic":"property","decorators":[{"__symbolic":"call","expression":{"__symbolic":"reference","module":"@angular/core","name":"Input"},"arguments":["value"]}]}],"_setElementValue":[{"__symbolic":"method"}],"_setSelected":[{"__symbolic":"method"}],"ngOnDestroy":[{"__symbolic":"method"}]}},"ɵr":{"provide":{"__symbolic":"reference","name":"NG_VALIDATORS"},"useExisting":{"__symbolic":"reference","name":"RequiredValidator"},"multi":true},"ɵs":{"provide":{"__symbolic":"reference","name":"NG_VALIDATORS"},"useExisting":{"__symbolic":"reference","name":"CheckboxRequiredValidator"},"multi":true},"ɵt":{"provide":{"__symbolic":"reference","name":"NG_VALIDATORS"},"useExisting":{"__symbolic":"reference","name":"EmailValidator"},"multi":true},"ɵu":{"provide":{"__symbolic":"reference","name":"NG_VALIDATORS"},"useExisting":{"__symbolic":"reference","name":"MinLengthValidator"},"multi":true},"ɵv":{"provide":{"__symbolic":"reference","name":"NG_VALIDATORS"},"useExisting":{"__symbolic":"reference","name":"MaxLengthValidator"},"multi":true},"ɵw":{"provide":{"__symbolic":"reference","name":"NG_VALIDATORS"},"useExisting":{"__symbolic":"reference","name":"PatternValidator"},"multi":true},"AbstractControlDirective":{"__symbolic":"class","members":{"reset":[{"__symbolic":"method"}],"hasError":[{"__symbolic":"method"}],"getError":[{"__symbolic":"method"}]}},"AbstractFormGroupDirective":{"__symbolic":"class","extends":{"__symbolic":"reference","name":"ControlContainer"},"members":{"ngOnInit":[{"__symbolic":"method"}],"ngOnDestroy":[{"__symbolic":"method"}],"_checkParentType":[{"__symbolic":"method"}]}},"CheckboxControlValueAccessor":{"__symbolic":"class","decorators":[{"__symbolic":"call","expression":{"__symbolic":"reference","module":"@angular/core","name":"Directive"},"arguments":[{"selector":"input[type=checkbox][formControlName],input[type=checkbox][formControl],input[type=checkbox][ngModel]","host":{"(change)":"onChange($event.target.checked)","(blur)":"onTouched()"},"providers":[{"__symbolic":"reference","name":"ɵa"}]}]}],"members":{"__ctor__":[{"__symbolic":"constructor","parameters":[{"__symbolic":"reference","module":"@angular/core","name":"Renderer2"},{"__symbolic":"reference","module":"@angular/core","name":"ElementRef"}]}],"writeValue":[{"__symbolic":"method"}],"registerOnChange":[{"__symbolic":"method"}],"registerOnTouched":[{"__symbolic":"method"}],"setDisabledState":[{"__symbolic":"method"}]}},"ControlContainer":{"__symbolic":"class","extends":{"__symbolic":"reference","name":"AbstractControlDirective"},"members":{}},"ControlValueAccessor":{"__symbolic":"interface"},"NG_VALUE_ACCESSOR":{"__symbolic":"new","expression":{"__symbolic":"reference","module":"@angular/core","name":"InjectionToken"},"arguments":["NgValueAccessor"]},"COMPOSITION_BUFFER_MODE":{"__symbolic":"new","expression":{"__symbolic":"reference","module":"@angular/core","name":"InjectionToken"},"arguments":["CompositionEventMode"]},"DefaultValueAccessor":{"__symbolic":"class","decorators":[{"__symbolic":"call","expression":{"__symbolic":"reference","module":"@angular/core","name":"Directive"},"arguments":[{"selector":"input:not([type=checkbox])[formControlName],textarea[formControlName],input:not([type=checkbox])[formControl],textarea[formControl],input:not([type=checkbox])[ngModel],textarea[ngModel],[ngDefaultControl]","host":{"(input)":"_handleInput($event.target.value)","(blur)":"onTouched()","(compositionstart)":"_compositionStart()","(compositionend)":"_compositionEnd($event.target.value)"},"providers":[{"__symbolic":"reference","name":"ɵb"}]}]}],"members":{"__ctor__":[{"__symbolic":"constructor","parameterDecorators":[null,null,[{"__symbolic":"call","expression":{"__symbolic":"reference","module":"@angular/core","name":"Optional"}},{"__symbolic":"call","expression":{"__symbolic":"reference","module":"@angular/core","name":"Inject"},"arguments":[{"__symbolic":"reference","name":"COMPOSITION_BUFFER_MODE"}]}]],"parameters":[{"__symbolic":"reference","module":"@angular/core","name":"Renderer2"},{"__symbolic":"reference","module":"@angular/core","name":"ElementRef"},{"__symbolic":"reference","name":"boolean"}]}],"writeValue":[{"__symbolic":"method"}],"registerOnChange":[{"__symbolic":"method"}],"registerOnTouched":[{"__symbolic":"method"}],"setDisabledState":[{"__symbolic":"method"}],"_handleInput":[{"__symbolic":"method"}],"_compositionStart":[{"__symbolic":"method"}],"_compositionEnd":[{"__symbolic":"method"}]}},"Form":{"__symbolic":"interface"},"NgControl":{"__symbolic":"class","extends":{"__symbolic":"reference","name":"AbstractControlDirective"},"members":{"viewToModelUpdate":[{"__symbolic":"method"}]}},"NgControlStatus":{"__symbolic":"class","extends":{"__symbolic":"reference","name":"ɵc"},"decorators":[{"__symbolic":"call","expression":{"__symbolic":"reference","module":"@angular/core","name":"Directive"},"arguments":[{"selector":"[formControlName],[ngModel],[formControl]","host":{"__symbolic":"reference","name":"ɵd"}}]}],"members":{"__ctor__":[{"__symbolic":"constructor","parameterDecorators":[[{"__symbolic":"call","expression":{"__symbolic":"reference","module":"@angular/core","name":"Self"}}]],"parameters":[{"__symbolic":"reference","name":"NgControl"}]}]}},"NgControlStatusGroup":{"__symbolic":"class","extends":{"__symbolic":"reference","name":"ɵc"},"decorators":[{"__symbolic":"call","expression":{"__symbolic":"reference","module":"@angular/core","name":"Directive"},"arguments":[{"selector":"[formGroupName],[formArrayName],[ngModelGroup],[formGroup],form:not([ngNoForm]),[ngForm]","host":{"__symbolic":"reference","name":"ɵd"}}]}],"members":{"__ctor__":[{"__symbolic":"constructor","parameterDecorators":[[{"__symbolic":"call","expression":{"__symbolic":"reference","module":"@angular/core","name":"Self"}}]],"parameters":[{"__symbolic":"reference","name":"ControlContainer"}]}]}},"NgForm":{"__symbolic":"class","extends":{"__symbolic":"reference","name":"ControlContainer"},"decorators":[{"__symbolic":"call","expression":{"__symbolic":"reference","module":"@angular/core","name":"Directive"},"arguments":[{"selector":"form:not([ngNoForm]):not([formGroup]),ngForm,[ngForm]","providers":[{"__symbolic":"reference","name":"ɵe"}],"host":{"(submit)":"onSubmit($event)","(reset)":"onReset()"},"outputs":["ngSubmit"],"exportAs":"ngForm"}]}],"members":{"__ctor__":[{"__symbolic":"constructor","parameterDecorators":[[{"__symbolic":"call","expression":{"__symbolic":"reference","module":"@angular/core","name":"Optional"}},{"__symbolic":"call","expression":{"__symbolic":"reference","module":"@angular/core","name":"Self"}},{"__symbolic":"call","expression":{"__symbolic":"reference","module":"@angular/core","name":"Inject"},"arguments":[{"__symbolic":"reference","name":"NG_VALIDATORS"}]}],[{"__symbolic":"call","expression":{"__symbolic":"reference","module":"@angular/core","name":"Optional"}},{"__symbolic":"call","expression":{"__symbolic":"reference","module":"@angular/core","name":"Self"}},{"__symbolic":"call","expression":{"__symbolic":"reference","module":"@angular/core","name":"Inject"},"arguments":[{"__symbolic":"reference","name":"NG_ASYNC_VALIDATORS"}]}]],"parameters":[{"__symbolic":"reference","name":"Array","arguments":[{"__symbolic":"reference","name":"any"}]},{"__symbolic":"reference","name":"Array","arguments":[{"__symbolic":"reference","name":"any"}]}]}],"addControl":[{"__symbolic":"method"}],"getControl":[{"__symbolic":"method"}],"removeControl":[{"__symbolic":"method"}],"addFormGroup":[{"__symbolic":"method"}],"removeFormGroup":[{"__symbolic":"method"}],"getFormGroup":[{"__symbolic":"method"}],"updateModel":[{"__symbolic":"method"}],"setValue":[{"__symbolic":"method"}],"onSubmit":[{"__symbolic":"method"}],"onReset":[{"__symbolic":"method"}],"resetForm":[{"__symbolic":"method"}],"_findContainer":[{"__symbolic":"method"}]}},"NgModel":{"__symbolic":"class","extends":{"__symbolic":"reference","name":"NgControl"},"decorators":[{"__symbolic":"call","expression":{"__symbolic":"reference","module":"@angular/core","name":"Directive"},"arguments":[{"selector":"[ngModel]:not([formControlName]):not([formControl])","providers":[{"__symbolic":"reference","name":"ɵf"}],"exportAs":"ngModel"}]}],"members":{"name":[{"__symbolic":"property","decorators":[{"__symbolic":"call","expression":{"__symbolic":"reference","module":"@angular/core","name":"Input"}}]}],"isDisabled":[{"__symbolic":"property","decorators":[{"__symbolic":"call","expression":{"__symbolic":"reference","module":"@angular/core","name":"Input"},"arguments":["disabled"]}]}],"model":[{"__symbolic":"property","decorators":[{"__symbolic":"call","expression":{"__symbolic":"reference","module":"@angular/core","name":"Input"},"arguments":["ngModel"]}]}],"options":[{"__symbolic":"property","decorators":[{"__symbolic":"call","expression":{"__symbolic":"reference","module":"@angular/core","name":"Input"},"arguments":["ngModelOptions"]}]}],"update":[{"__symbolic":"property","decorators":[{"__symbolic":"call","expression":{"__symbolic":"reference","module":"@angular/core","name":"Output"},"arguments":["ngModelChange"]}]}],"__ctor__":[{"__symbolic":"constructor","parameterDecorators":[[{"__symbolic":"call","expression":{"__symbolic":"reference","module":"@angular/core","name":"Optional"}},{"__symbolic":"call","expression":{"__symbolic":"reference","module":"@angular/core","name":"Host"}}],[{"__symbolic":"call","expression":{"__symbolic":"reference","module":"@angular/core","name":"Optional"}},{"__symbolic":"call","expression":{"__symbolic":"reference","module":"@angular/core","name":"Self"}},{"__symbolic":"call","expression":{"__symbolic":"reference","module":"@angular/core","name":"Inject"},"arguments":[{"__symbolic":"reference","name":"NG_VALIDATORS"}]}],[{"__symbolic":"call","expression":{"__symbolic":"reference","module":"@angular/core","name":"Optional"}},{"__symbolic":"call","expression":{"__symbolic":"reference","module":"@angular/core","name":"Self"}},{"__symbolic":"call","expression":{"__symbolic":"reference","module":"@angular/core","name":"Inject"},"arguments":[{"__symbolic":"reference","name":"NG_ASYNC_VALIDATORS"}]}],[{"__symbolic":"call","expression":{"__symbolic":"reference","module":"@angular/core","name":"Optional"}},{"__symbolic":"call","expression":{"__symbolic":"reference","module":"@angular/core","name":"Self"}},{"__symbolic":"call","expression":{"__symbolic":"reference","module":"@angular/core","name":"Inject"},"arguments":[{"__symbolic":"reference","name":"NG_VALUE_ACCESSOR"}]}]],"parameters":[{"__symbolic":"reference","name":"ControlContainer"},{"__symbolic":"reference","name":"Array","arguments":[{"__symbolic":"reference","name":"AsyncValidator"}]},{"__symbolic":"reference","name":"Array","arguments":[{"__symbolic":"reference","name":"AsyncValidator"}]},{"__symbolic":"reference","name":"Array","arguments":[{"__symbolic":"reference","name":"ControlValueAccessor"}]}]}],"ngOnChanges":[{"__symbolic":"method"}],"ngOnDestroy":[{"__symbolic":"method"}],"viewToModelUpdate":[{"__symbolic":"method"}],"_setUpControl":[{"__symbolic":"method"}],"_isStandalone":[{"__symbolic":"method"}],"_setUpStandalone":[{"__symbolic":"method"}],"_checkForErrors":[{"__symbolic":"method"}],"_checkParentType":[{"__symbolic":"method"}],"_checkName":[{"__symbolic":"method"}],"_updateValue":[{"__symbolic":"method"}],"_updateDisabled":[{"__symbolic":"method"}]}},"NgModelGroup":{"__symbolic":"class","extends":{"__symbolic":"reference","name":"AbstractFormGroupDirective"},"decorators":[{"__symbolic":"call","expression":{"__symbolic":"reference","module":"@angular/core","name":"Directive"},"arguments":[{"selector":"[ngModelGroup]","providers":[{"__symbolic":"reference","name":"ɵg"}],"exportAs":"ngModelGroup"}]}],"members":{"name":[{"__symbolic":"property","decorators":[{"__symbolic":"call","expression":{"__symbolic":"reference","module":"@angular/core","name":"Input"},"arguments":["ngModelGroup"]}]}],"__ctor__":[{"__symbolic":"constructor","parameterDecorators":[[{"__symbolic":"call","expression":{"__symbolic":"reference","module":"@angular/core","name":"Host"}},{"__symbolic":"call","expression":{"__symbolic":"reference","module":"@angular/core","name":"SkipSelf"}}],[{"__symbolic":"call","expression":{"__symbolic":"reference","module":"@angular/core","name":"Optional"}},{"__symbolic":"call","expression":{"__symbolic":"reference","module":"@angular/core","name":"Self"}},{"__symbolic":"call","expression":{"__symbolic":"reference","module":"@angular/core","name":"Inject"},"arguments":[{"__symbolic":"reference","name":"NG_VALIDATORS"}]}],[{"__symbolic":"call","expression":{"__symbolic":"reference","module":"@angular/core","name":"Optional"}},{"__symbolic":"call","expression":{"__symbolic":"reference","module":"@angular/core","name":"Self"}},{"__symbolic":"call","expression":{"__symbolic":"reference","module":"@angular/core","name":"Inject"},"arguments":[{"__symbolic":"reference","name":"NG_ASYNC_VALIDATORS"}]}]],"parameters":[{"__symbolic":"reference","name":"ControlContainer"},{"__symbolic":"reference","name":"Array","arguments":[{"__symbolic":"reference","name":"any"}]},{"__symbolic":"reference","name":"Array","arguments":[{"__symbolic":"reference","name":"any"}]}]}],"_checkParentType":[{"__symbolic":"method"}]}},"RadioControlValueAccessor":{"__symbolic":"class","decorators":[{"__symbolic":"call","expression":{"__symbolic":"reference","module":"@angular/core","name":"Directive"},"arguments":[{"selector":"input[type=radio][formControlName],input[type=radio][formControl],input[type=radio][ngModel]","host":{"(change)":"onChange()","(blur)":"onTouched()"},"providers":[{"__symbolic":"reference","name":"ɵh"}]}]}],"members":{"name":[{"__symbolic":"property","decorators":[{"__symbolic":"call","expression":{"__symbolic":"reference","module":"@angular/core","name":"Input"}}]}],"formControlName":[{"__symbolic":"property","decorators":[{"__symbolic":"call","expression":{"__symbolic":"reference","module":"@angular/core","name":"Input"}}]}],"value":[{"__symbolic":"property","decorators":[{"__symbolic":"call","expression":{"__symbolic":"reference","module":"@angular/core","name":"Input"}}]}],"__ctor__":[{"__symbolic":"constructor","parameters":[{"__symbolic":"reference","module":"@angular/core","name":"Renderer2"},{"__symbolic":"reference","module":"@angular/core","name":"ElementRef"},{"__symbolic":"reference","name":"ɵi"},{"__symbolic":"reference","module":"@angular/core","name":"Injector"}]}],"ngOnInit":[{"__symbolic":"method"}],"ngOnDestroy":[{"__symbolic":"method"}],"writeValue":[{"__symbolic":"method"}],"registerOnChange":[{"__symbolic":"method"}],"fireUncheck":[{"__symbolic":"method"}],"registerOnTouched":[{"__symbolic":"method"}],"setDisabledState":[{"__symbolic":"method"}],"_checkName":[{"__symbolic":"method"}],"_throwNameError":[{"__symbolic":"method"}]}},"FormControlDirective":{"__symbolic":"class","extends":{"__symbolic":"reference","name":"NgControl"},"decorators":[{"__symbolic":"call","expression":{"__symbolic":"reference","module":"@angular/core","name":"Directive"},"arguments":[{"selector":"[formControl]","providers":[{"__symbolic":"reference","name":"ɵj"}],"exportAs":"ngForm"}]}],"members":{"form":[{"__symbolic":"property","decorators":[{"__symbolic":"call","expression":{"__symbolic":"reference","module":"@angular/core","name":"Input"},"arguments":["formControl"]}]}],"model":[{"__symbolic":"property","decorators":[{"__symbolic":"call","expression":{"__symbolic":"reference","module":"@angular/core","name":"Input"},"arguments":["ngModel"]}]}],"update":[{"__symbolic":"property","decorators":[{"__symbolic":"call","expression":{"__symbolic":"reference","module":"@angular/core","name":"Output"},"arguments":["ngModelChange"]}]}],"isDisabled":[{"__symbolic":"property","decorators":[{"__symbolic":"call","expression":{"__symbolic":"reference","module":"@angular/core","name":"Input"},"arguments":["disabled"]}]}],"__ctor__":[{"__symbolic":"constructor","parameterDecorators":[[{"__symbolic":"call","expression":{"__symbolic":"reference","module":"@angular/core","name":"Optional"}},{"__symbolic":"call","expression":{"__symbolic":"reference","module":"@angular/core","name":"Self"}},{"__symbolic":"call","expression":{"__symbolic":"reference","module":"@angular/core","name":"Inject"},"arguments":[{"__symbolic":"reference","name":"NG_VALIDATORS"}]}],[{"__symbolic":"call","expression":{"__symbolic":"reference","module":"@angular/core","name":"Optional"}},{"__symbolic":"call","expression":{"__symbolic":"reference","module":"@angular/core","name":"Self"}},{"__symbolic":"call","expression":{"__symbolic":"reference","module":"@angular/core","name":"Inject"},"arguments":[{"__symbolic":"reference","name":"NG_ASYNC_VALIDATORS"}]}],[{"__symbolic":"call","expression":{"__symbolic":"reference","module":"@angular/core","name":"Optional"}},{"__symbolic":"call","expression":{"__symbolic":"reference","module":"@angular/core","name":"Self"}},{"__symbolic":"call","expression":{"__symbolic":"reference","module":"@angular/core","name":"Inject"},"arguments":[{"__symbolic":"reference","name":"NG_VALUE_ACCESSOR"}]}]],"parameters":[{"__symbolic":"reference","name":"Array","arguments":[{"__symbolic":"reference","name":"AsyncValidator"}]},{"__symbolic":"reference","name":"Array","arguments":[{"__symbolic":"reference","name":"AsyncValidator"}]},{"__symbolic":"reference","name":"Array","arguments":[{"__symbolic":"reference","name":"ControlValueAccessor"}]}]}],"ngOnChanges":[{"__symbolic":"method"}],"viewToModelUpdate":[{"__symbolic":"method"}],"_isControlChanged":[{"__symbolic":"method"}]}},"FormControlName":{"__symbolic":"class","extends":{"__symbolic":"reference","name":"NgControl"},"decorators":[{"__symbolic":"call","expression":{"__symbolic":"reference","module":"@angular/core","name":"Directive"},"arguments":[{"selector":"[formControlName]","providers":[{"__symbolic":"reference","name":"ɵk"}]}]}],"members":{"name":[{"__symbolic":"property","decorators":[{"__symbolic":"call","expression":{"__symbolic":"reference","module":"@angular/core","name":"Input"},"arguments":["formControlName"]}]}],"model":[{"__symbolic":"property","decorators":[{"__symbolic":"call","expression":{"__symbolic":"reference","module":"@angular/core","name":"Input"},"arguments":["ngModel"]}]}],"update":[{"__symbolic":"property","decorators":[{"__symbolic":"call","expression":{"__symbolic":"reference","module":"@angular/core","name":"Output"},"arguments":["ngModelChange"]}]}],"isDisabled":[{"__symbolic":"property","decorators":[{"__symbolic":"call","expression":{"__symbolic":"reference","module":"@angular/core","name":"Input"},"arguments":["disabled"]}]}],"__ctor__":[{"__symbolic":"constructor","parameterDecorators":[[{"__symbolic":"call","expression":{"__symbolic":"reference","module":"@angular/core","name":"Optional"}},{"__symbolic":"call","expression":{"__symbolic":"reference","module":"@angular/core","name":"Host"}},{"__symbolic":"call","expression":{"__symbolic":"reference","module":"@angular/core","name":"SkipSelf"}}],[{"__symbolic":"call","expression":{"__symbolic":"reference","module":"@angular/core","name":"Optional"}},{"__symbolic":"call","expression":{"__symbolic":"reference","module":"@angular/core","name":"Self"}},{"__symbolic":"call","expression":{"__symbolic":"reference","module":"@angular/core","name":"Inject"},"arguments":[{"__symbolic":"reference","name":"NG_VALIDATORS"}]}],[{"__symbolic":"call","expression":{"__symbolic":"reference","module":"@angular/core","name":"Optional"}},{"__symbolic":"call","expression":{"__symbolic":"reference","module":"@angular/core","name":"Self"}},{"__symbolic":"call","expression":{"__symbolic":"reference","module":"@angular/core","name":"Inject"},"arguments":[{"__symbolic":"reference","name":"NG_ASYNC_VALIDATORS"}]}],[{"__symbolic":"call","expression":{"__symbolic":"reference","module":"@angular/core","name":"Optional"}},{"__symbolic":"call","expression":{"__symbolic":"reference","module":"@angular/core","name":"Self"}},{"__symbolic":"call","expression":{"__symbolic":"reference","module":"@angular/core","name":"Inject"},"arguments":[{"__symbolic":"reference","name":"NG_VALUE_ACCESSOR"}]}]],"parameters":[{"__symbolic":"reference","name":"ControlContainer"},{"__symbolic":"reference","name":"Array","arguments":[{"__symbolic":"reference","name":"AsyncValidator"}]},{"__symbolic":"reference","name":"Array","arguments":[{"__symbolic":"reference","name":"AsyncValidator"}]},{"__symbolic":"reference","name":"Array","arguments":[{"__symbolic":"reference","name":"ControlValueAccessor"}]}]}],"ngOnChanges":[{"__symbolic":"method"}],"ngOnDestroy":[{"__symbolic":"method"}],"viewToModelUpdate":[{"__symbolic":"method"}],"_checkParentType":[{"__symbolic":"method"}],"_setUpControl":[{"__symbolic":"method"}]}},"FormGroupDirective":{"__symbolic":"class","extends":{"__symbolic":"reference","name":"ControlContainer"},"decorators":[{"__symbolic":"call","expression":{"__symbolic":"reference","module":"@angular/core","name":"Directive"},"arguments":[{"selector":"[formGroup]","providers":[{"__symbolic":"reference","name":"ɵl"}],"host":{"(submit)":"onSubmit($event)","(reset)":"onReset()"},"exportAs":"ngForm"}]}],"members":{"form":[{"__symbolic":"property","decorators":[{"__symbolic":"call","expression":{"__symbolic":"reference","module":"@angular/core","name":"Input"},"arguments":["formGroup"]}]}],"ngSubmit":[{"__symbolic":"property","decorators":[{"__symbolic":"call","expression":{"__symbolic":"reference","module":"@angular/core","name":"Output"}}]}],"__ctor__":[{"__symbolic":"constructor","parameterDecorators":[[{"__symbolic":"call","expression":{"__symbolic":"reference","module":"@angular/core","name":"Optional"}},{"__symbolic":"call","expression":{"__symbolic":"reference","module":"@angular/core","name":"Self"}},{"__symbolic":"call","expression":{"__symbolic":"reference","module":"@angular/core","name":"Inject"},"arguments":[{"__symbolic":"reference","name":"NG_VALIDATORS"}]}],[{"__symbolic":"call","expression":{"__symbolic":"reference","module":"@angular/core","name":"Optional"}},{"__symbolic":"call","expression":{"__symbolic":"reference","module":"@angular/core","name":"Self"}},{"__symbolic":"call","expression":{"__symbolic":"reference","module":"@angular/core","name":"Inject"},"arguments":[{"__symbolic":"reference","name":"NG_ASYNC_VALIDATORS"}]}]],"parameters":[{"__symbolic":"reference","name":"Array","arguments":[{"__symbolic":"reference","name":"any"}]},{"__symbolic":"reference","name":"Array","arguments":[{"__symbolic":"reference","name":"any"}]}]}],"ngOnChanges":[{"__symbolic":"method"}],"addControl":[{"__symbolic":"method"}],"getControl":[{"__symbolic":"method"}],"removeControl":[{"__symbolic":"method"}],"addFormGroup":[{"__symbolic":"method"}],"removeFormGroup":[{"__symbolic":"method"}],"getFormGroup":[{"__symbolic":"method"}],"addFormArray":[{"__symbolic":"method"}],"removeFormArray":[{"__symbolic":"method"}],"getFormArray":[{"__symbolic":"method"}],"updateModel":[{"__symbolic":"method"}],"onSubmit":[{"__symbolic":"method"}],"onReset":[{"__symbolic":"method"}],"resetForm":[{"__symbolic":"method"}],"_updateDomValue":[{"__symbolic":"method"}],"_updateRegistrations":[{"__symbolic":"method"}],"_updateValidators":[{"__symbolic":"method"}],"_checkFormPresent":[{"__symbolic":"method"}]}},"FormArrayName":{"__symbolic":"class","extends":{"__symbolic":"reference","name":"ControlContainer"},"decorators":[{"__symbolic":"call","expression":{"__symbolic":"reference","module":"@angular/core","name":"Directive"},"arguments":[{"selector":"[formArrayName]","providers":[{"__symbolic":"reference","name":"ɵn"}]}]}],"members":{"name":[{"__symbolic":"property","decorators":[{"__symbolic":"call","expression":{"__symbolic":"reference","module":"@angular/core","name":"Input"},"arguments":["formArrayName"]}]}],"__ctor__":[{"__symbolic":"constructor","parameterDecorators":[[{"__symbolic":"call","expression":{"__symbolic":"reference","module":"@angular/core","name":"Optional"}},{"__symbolic":"call","expression":{"__symbolic":"reference","module":"@angular/core","name":"Host"}},{"__symbolic":"call","expression":{"__symbolic":"reference","module":"@angular/core","name":"SkipSelf"}}],[{"__symbolic":"call","expression":{"__symbolic":"reference","module":"@angular/core","name":"Optional"}},{"__symbolic":"call","expression":{"__symbolic":"reference","module":"@angular/core","name":"Self"}},{"__symbolic":"call","expression":{"__symbolic":"reference","module":"@angular/core","name":"Inject"},"arguments":[{"__symbolic":"reference","name":"NG_VALIDATORS"}]}],[{"__symbolic":"call","expression":{"__symbolic":"reference","module":"@angular/core","name":"Optional"}},{"__symbolic":"call","expression":{"__symbolic":"reference","module":"@angular/core","name":"Self"}},{"__symbolic":"call","expression":{"__symbolic":"reference","module":"@angular/core","name":"Inject"},"arguments":[{"__symbolic":"reference","name":"NG_ASYNC_VALIDATORS"}]}]],"parameters":[{"__symbolic":"reference","name":"ControlContainer"},{"__symbolic":"reference","name":"Array","arguments":[{"__symbolic":"reference","name":"any"}]},{"__symbolic":"reference","name":"Array","arguments":[{"__symbolic":"reference","name":"any"}]}]}],"ngOnInit":[{"__symbolic":"method"}],"ngOnDestroy":[{"__symbolic":"method"}],"_checkParentType":[{"__symbolic":"method"}]}},"FormGroupName":{"__symbolic":"class","extends":{"__symbolic":"reference","name":"AbstractFormGroupDirective"},"decorators":[{"__symbolic":"call","expression":{"__symbolic":"reference","module":"@angular/core","name":"Directive"},"arguments":[{"selector":"[formGroupName]","providers":[{"__symbolic":"reference","name":"ɵm"}]}]}],"members":{"name":[{"__symbolic":"property","decorators":[{"__symbolic":"call","expression":{"__symbolic":"reference","module":"@angular/core","name":"Input"},"arguments":["formGroupName"]}]}],"__ctor__":[{"__symbolic":"constructor","parameterDecorators":[[{"__symbolic":"call","expression":{"__symbolic":"reference","module":"@angular/core","name":"Optional"}},{"__symbolic":"call","expression":{"__symbolic":"reference","module":"@angular/core","name":"Host"}},{"__symbolic":"call","expression":{"__symbolic":"reference","module":"@angular/core","name":"SkipSelf"}}],[{"__symbolic":"call","expression":{"__symbolic":"reference","module":"@angular/core","name":"Optional"}},{"__symbolic":"call","expression":{"__symbolic":"reference","module":"@angular/core","name":"Self"}},{"__symbolic":"call","expression":{"__symbolic":"reference","module":"@angular/core","name":"Inject"},"arguments":[{"__symbolic":"reference","name":"NG_VALIDATORS"}]}],[{"__symbolic":"call","expression":{"__symbolic":"reference","module":"@angular/core","name":"Optional"}},{"__symbolic":"call","expression":{"__symbolic":"reference","module":"@angular/core","name":"Self"}},{"__symbolic":"call","expression":{"__symbolic":"reference","module":"@angular/core","name":"Inject"},"arguments":[{"__symbolic":"reference","name":"NG_ASYNC_VALIDATORS"}]}]],"parameters":[{"__symbolic":"reference","name":"ControlContainer"},{"__symbolic":"reference","name":"Array","arguments":[{"__symbolic":"reference","name":"any"}]},{"__symbolic":"reference","name":"Array","arguments":[{"__symbolic":"reference","name":"any"}]}]}],"_checkParentType":[{"__symbolic":"method"}]}},"NgSelectOption":{"__symbolic":"class","decorators":[{"__symbolic":"call","expression":{"__symbolic":"reference","module":"@angular/core","name":"Directive"},"arguments":[{"selector":"option"}]}],"members":{"__ctor__":[{"__symbolic":"constructor","parameterDecorators":[null,null,[{"__symbolic":"call","expression":{"__symbolic":"reference","module":"@angular/core","name":"Optional"}},{"__symbolic":"call","expression":{"__symbolic":"reference","module":"@angular/core","name":"Host"}}]],"parameters":[{"__symbolic":"reference","module":"@angular/core","name":"ElementRef"},{"__symbolic":"reference","module":"@angular/core","name":"Renderer2"},{"__symbolic":"reference","name":"SelectControlValueAccessor"}]}],"ngValue":[{"__symbolic":"property","decorators":[{"__symbolic":"call","expression":{"__symbolic":"reference","module":"@angular/core","name":"Input"},"arguments":["ngValue"]}]}],"value":[{"__symbolic":"property","decorators":[{"__symbolic":"call","expression":{"__symbolic":"reference","module":"@angular/core","name":"Input"},"arguments":["value"]}]}],"_setElementValue":[{"__symbolic":"method"}],"ngOnDestroy":[{"__symbolic":"method"}]}},"SelectControlValueAccessor":{"__symbolic":"class","decorators":[{"__symbolic":"call","expression":{"__symbolic":"reference","module":"@angular/core","name":"Directive"},"arguments":[{"selector":"select:not([multiple])[formControlName],select:not([multiple])[formControl],select:not([multiple])[ngModel]","host":{"(change)":"onChange($event.target.value)","(blur)":"onTouched()"},"providers":[{"__symbolic":"reference","name":"ɵo"}]}]}],"members":{"compareWith":[{"__symbolic":"property","decorators":[{"__symbolic":"call","expression":{"__symbolic":"reference","module":"@angular/core","name":"Input"}}]}],"__ctor__":[{"__symbolic":"constructor","parameters":[{"__symbolic":"reference","module":"@angular/core","name":"Renderer2"},{"__symbolic":"reference","module":"@angular/core","name":"ElementRef"}]}],"writeValue":[{"__symbolic":"method"}],"registerOnChange":[{"__symbolic":"method"}],"registerOnTouched":[{"__symbolic":"method"}],"setDisabledState":[{"__symbolic":"method"}],"_registerOption":[{"__symbolic":"method"}],"_getOptionId":[{"__symbolic":"method"}],"_getOptionValue":[{"__symbolic":"method"}]}},"SelectMultipleControlValueAccessor":{"__symbolic":"class","decorators":[{"__symbolic":"call","expression":{"__symbolic":"reference","module":"@angular/core","name":"Directive"},"arguments":[{"selector":"select[multiple][formControlName],select[multiple][formControl],select[multiple][ngModel]","host":{"(change)":"onChange($event.target)","(blur)":"onTouched()"},"providers":[{"__symbolic":"reference","name":"ɵp"}]}]}],"members":{"compareWith":[{"__symbolic":"property","decorators":[{"__symbolic":"call","expression":{"__symbolic":"reference","module":"@angular/core","name":"Input"}}]}],"__ctor__":[{"__symbolic":"constructor","parameters":[{"__symbolic":"reference","module":"@angular/core","name":"Renderer2"},{"__symbolic":"reference","module":"@angular/core","name":"ElementRef"}]}],"writeValue":[{"__symbolic":"method"}],"registerOnChange":[{"__symbolic":"method"}],"registerOnTouched":[{"__symbolic":"method"}],"setDisabledState":[{"__symbolic":"method"}],"_registerOption":[{"__symbolic":"method"}],"_getOptionId":[{"__symbolic":"method"}],"_getOptionValue":[{"__symbolic":"method"}]}},"AsyncValidator":{"__symbolic":"interface"},"AsyncValidatorFn":{"__symbolic":"interface"},"CheckboxRequiredValidator":{"__symbolic":"class","extends":{"__symbolic":"reference","name":"RequiredValidator"},"decorators":[{"__symbolic":"call","expression":{"__symbolic":"reference","module":"@angular/core","name":"Directive"},"arguments":[{"selector":"input[type=checkbox][required][formControlName],input[type=checkbox][required][formControl],input[type=checkbox][required][ngModel]","providers":[{"__symbolic":"reference","name":"ɵs"}],"host":{"[attr.required]":"required ? \"\" : null"}}]}],"members":{"validate":[{"__symbolic":"method"}]}},"EmailValidator":{"__symbolic":"class","decorators":[{"__symbolic":"call","expression":{"__symbolic":"reference","module":"@angular/core","name":"Directive"},"arguments":[{"selector":"[email][formControlName],[email][formControl],[email][ngModel]","providers":[{"__symbolic":"reference","name":"ɵt"}]}]}],"members":{"email":[{"__symbolic":"property","decorators":[{"__symbolic":"call","expression":{"__symbolic":"reference","module":"@angular/core","name":"Input"}}]}],"validate":[{"__symbolic":"method"}],"registerOnValidatorChange":[{"__symbolic":"method"}]}},"MaxLengthValidator":{"__symbolic":"class","decorators":[{"__symbolic":"call","expression":{"__symbolic":"reference","module":"@angular/core","name":"Directive"},"arguments":[{"selector":"[maxlength][formControlName],[maxlength][formControl],[maxlength][ngModel]","providers":[{"__symbolic":"reference","name":"ɵv"}],"host":{"[attr.maxlength]":"maxlength ? maxlength : null"}}]}],"members":{"maxlength":[{"__symbolic":"property","decorators":[{"__symbolic":"call","expression":{"__symbolic":"reference","module":"@angular/core","name":"Input"}}]}],"ngOnChanges":[{"__symbolic":"method"}],"validate":[{"__symbolic":"method"}],"registerOnValidatorChange":[{"__symbolic":"method"}],"_createValidator":[{"__symbolic":"method"}]}},"MinLengthValidator":{"__symbolic":"class","decorators":[{"__symbolic":"call","expression":{"__symbolic":"reference","module":"@angular/core","name":"Directive"},"arguments":[{"selector":"[minlength][formControlName],[minlength][formControl],[minlength][ngModel]","providers":[{"__symbolic":"reference","name":"ɵu"}],"host":{"[attr.minlength]":"minlength ? minlength : null"}}]}],"members":{"minlength":[{"__symbolic":"property","decorators":[{"__symbolic":"call","expression":{"__symbolic":"reference","module":"@angular/core","name":"Input"}}]}],"ngOnChanges":[{"__symbolic":"method"}],"validate":[{"__symbolic":"method"}],"registerOnValidatorChange":[{"__symbolic":"method"}],"_createValidator":[{"__symbolic":"method"}]}},"PatternValidator":{"__symbolic":"class","decorators":[{"__symbolic":"call","expression":{"__symbolic":"reference","module":"@angular/core","name":"Directive"},"arguments":[{"selector":"[pattern][formControlName],[pattern][formControl],[pattern][ngModel]","providers":[{"__symbolic":"reference","name":"ɵw"}],"host":{"[attr.pattern]":"pattern ? pattern : null"}}]}],"members":{"pattern":[{"__symbolic":"property","decorators":[{"__symbolic":"call","expression":{"__symbolic":"reference","module":"@angular/core","name":"Input"}}]}],"ngOnChanges":[{"__symbolic":"method"}],"validate":[{"__symbolic":"method"}],"registerOnValidatorChange":[{"__symbolic":"method"}],"_createValidator":[{"__symbolic":"method"}]}},"RequiredValidator":{"__symbolic":"class","decorators":[{"__symbolic":"call","expression":{"__symbolic":"reference","module":"@angular/core","name":"Directive"},"arguments":[{"selector":":not([type=checkbox])[required][formControlName],:not([type=checkbox])[required][formControl],:not([type=checkbox])[required][ngModel]","providers":[{"__symbolic":"reference","name":"ɵr"}],"host":{"[attr.required]":"required ? \"\" : null"}}]}],"members":{"required":[{"__symbolic":"property","decorators":[{"__symbolic":"call","expression":{"__symbolic":"reference","module":"@angular/core","name":"Input"}}]}],"validate":[{"__symbolic":"method"}],"registerOnValidatorChange":[{"__symbolic":"method"}]}},"ValidationErrors":{"__symbolic":"interface"},"Validator":{"__symbolic":"interface"},"ValidatorFn":{"__symbolic":"interface"},"FormBuilder":{"__symbolic":"class","decorators":[{"__symbolic":"call","expression":{"__symbolic":"reference","module":"@angular/core","name":"Injectable"}}],"members":{"group":[{"__symbolic":"method"}],"control":[{"__symbolic":"method"}],"array":[{"__symbolic":"method"}],"_reduceControls":[{"__symbolic":"method"}],"_createControl":[{"__symbolic":"method"}]}},"AbstractControl":{"__symbolic":"class","members":{"__ctor__":[{"__symbolic":"constructor","parameters":[{"__symbolic":"reference","name":"ValidatorFn"},{"__symbolic":"reference","name":"AsyncValidatorFn"}]}],"setValidators":[{"__symbolic":"method"}],"setAsyncValidators":[{"__symbolic":"method"}],"clearValidators":[{"__symbolic":"method"}],"clearAsyncValidators":[{"__symbolic":"method"}],"markAsTouched":[{"__symbolic":"method"}],"markAsUntouched":[{"__symbolic":"method"}],"markAsDirty":[{"__symbolic":"method"}],"markAsPristine":[{"__symbolic":"method"}],"markAsPending":[{"__symbolic":"method"}],"disable":[{"__symbolic":"method"}],"enable":[{"__symbolic":"method"}],"_updateAncestors":[{"__symbolic":"method"}],"setParent":[{"__symbolic":"method"}],"setValue":[{"__symbolic":"method"}],"patchValue":[{"__symbolic":"method"}],"reset":[{"__symbolic":"method"}],"updateValueAndValidity":[{"__symbolic":"method"}],"_updateTreeValidity":[{"__symbolic":"method"}],"_setInitialStatus":[{"__symbolic":"method"}],"_runValidator":[{"__symbolic":"method"}],"_runAsyncValidator":[{"__symbolic":"method"}],"_cancelExistingSubscription":[{"__symbolic":"method"}],"setErrors":[{"__symbolic":"method"}],"get":[{"__symbolic":"method"}],"getError":[{"__symbolic":"method"}],"hasError":[{"__symbolic":"method"}],"_updateControlsErrors":[{"__symbolic":"method"}],"_initObservables":[{"__symbolic":"method"}],"_calculateStatus":[{"__symbolic":"method"}],"_updateValue":[{"__symbolic":"method"}],"_forEachChild":[{"__symbolic":"method"}],"_anyControls":[{"__symbolic":"method"}],"_allControlsDisabled":[{"__symbolic":"method"}],"_anyControlsHaveStatus":[{"__symbolic":"method"}],"_anyControlsDirty":[{"__symbolic":"method"}],"_anyControlsTouched":[{"__symbolic":"method"}],"_updatePristine":[{"__symbolic":"method"}],"_updateTouched":[{"__symbolic":"method"}],"_isBoxedValue":[{"__symbolic":"method"}],"_registerOnCollectionChange":[{"__symbolic":"method"}]}},"FormArray":{"__symbolic":"class","extends":{"__symbolic":"reference","name":"AbstractControl"},"members":{"__ctor__":[{"__symbolic":"constructor","parameters":[{"__symbolic":"reference","name":"Array","arguments":[{"__symbolic":"reference","name":"AbstractControl"}]},{"__symbolic":"reference","name":"ValidatorFn"},{"__symbolic":"reference","name":"AsyncValidatorFn"}]}],"at":[{"__symbolic":"method"}],"push":[{"__symbolic":"method"}],"insert":[{"__symbolic":"method"}],"removeAt":[{"__symbolic":"method"}],"setControl":[{"__symbolic":"method"}],"setValue":[{"__symbolic":"method"}],"patchValue":[{"__symbolic":"method"}],"reset":[{"__symbolic":"method"}],"getRawValue":[{"__symbolic":"method"}],"_throwIfControlMissing":[{"__symbolic":"method"}],"_forEachChild":[{"__symbolic":"method"}],"_updateValue":[{"__symbolic":"method"}],"_anyControls":[{"__symbolic":"method"}],"_setUpControls":[{"__symbolic":"method"}],"_checkAllValuesPresent":[{"__symbolic":"method"}],"_allControlsDisabled":[{"__symbolic":"method"}],"_registerControl":[{"__symbolic":"method"}]}},"FormControl":{"__symbolic":"class","extends":{"__symbolic":"reference","name":"AbstractControl"},"members":{"__ctor__":[{"__symbolic":"constructor","parameters":[{"__symbolic":"reference","name":"any"},{"__symbolic":"reference","name":"ValidatorFn"},{"__symbolic":"reference","name":"AsyncValidatorFn"}]}],"setValue":[{"__symbolic":"method"}],"patchValue":[{"__symbolic":"method"}],"reset":[{"__symbolic":"method"}],"_updateValue":[{"__symbolic":"method"}],"_anyControls":[{"__symbolic":"method"}],"_allControlsDisabled":[{"__symbolic":"method"}],"registerOnChange":[{"__symbolic":"method"}],"_clearChangeFns":[{"__symbolic":"method"}],"registerOnDisabledChange":[{"__symbolic":"method"}],"_forEachChild":[{"__symbolic":"method"}],"_applyFormState":[{"__symbolic":"method"}]}},"FormGroup":{"__symbolic":"class","extends":{"__symbolic":"reference","name":"AbstractControl"},"members":{"__ctor__":[{"__symbolic":"constructor","parameters":[{"__symbolic":"error","message":"Expression form not supported","line":831,"character":23,"module":"./src/model"},{"__symbolic":"reference","name":"ValidatorFn"},{"__symbolic":"reference","name":"AsyncValidatorFn"}]}],"registerControl":[{"__symbolic":"method"}],"addControl":[{"__symbolic":"method"}],"removeControl":[{"__symbolic":"method"}],"setControl":[{"__symbolic":"method"}],"contains":[{"__symbolic":"method"}],"setValue":[{"__symbolic":"method"}],"patchValue":[{"__symbolic":"method"}],"reset":[{"__symbolic":"method"}],"getRawValue":[{"__symbolic":"method"}],"_throwIfControlMissing":[{"__symbolic":"method"}],"_forEachChild":[{"__symbolic":"method"}],"_setUpControls":[{"__symbolic":"method"}],"_updateValue":[{"__symbolic":"method"}],"_anyControls":[{"__symbolic":"method"}],"_reduceValue":[{"__symbolic":"method"}],"_reduceChildren":[{"__symbolic":"method"}],"_allControlsDisabled":[{"__symbolic":"method"}],"_checkAllValuesPresent":[{"__symbolic":"method"}]}},"NG_ASYNC_VALIDATORS":{"__symbolic":"new","expression":{"__symbolic":"reference","module":"@angular/core","name":"InjectionToken"},"arguments":["NgAsyncValidators"]},"NG_VALIDATORS":{"__symbolic":"new","expression":{"__symbolic":"reference","module":"@angular/core","name":"InjectionToken"},"arguments":["NgValidators"]},"Validators":{"__symbolic":"class","members":{},"statics":{"min":{"__symbolic":"function","parameters":["min"],"value":{"__symbolic":"error","message":"Function call not supported","line":65,"character":11,"module":"./src/validators"}},"max":{"__symbolic":"function","parameters":["max"],"value":{"__symbolic":"error","message":"Function call not supported","line":80,"character":11,"module":"./src/validators"}},"required":{"__symbolic":"function","parameters":["control"],"value":{"__symbolic":"if","condition":{"__symbolic":"error","message":"Reference to a non-exported function","line":16,"character":9,"context":{"name":"isEmptyInputValue"},"module":"./src/validators"},"thenExpression":{"required":true},"elseExpression":null}},"requiredTrue":{"__symbolic":"function","parameters":["control"],"value":{"__symbolic":"if","condition":{"__symbolic":"binop","operator":"===","left":{"__symbolic":"select","expression":{"__symbolic":"reference","name":"control"},"member":"value"},"right":true},"thenExpression":null,"elseExpression":{"required":true}}},"email":{"__symbolic":"function","parameters":["control"],"value":{"__symbolic":"if","condition":{"__symbolic":"error","message":"Reference to a local symbol","line":43,"character":6,"context":{"name":"EMAIL_REGEXP"},"module":"./src/validators"},"thenExpression":null,"elseExpression":{"email":true}}},"minLength":{"__symbolic":"function","parameters":["minLength"],"value":{"__symbolic":"error","message":"Function call not supported","line":116,"character":11,"module":"./src/validators"}},"maxLength":{"__symbolic":"function","parameters":["maxLength"],"value":{"__symbolic":"error","message":"Function call not supported","line":131,"character":11,"module":"./src/validators"}},"nullValidator":{"__symbolic":"function","parameters":["c"],"value":null}}},"VERSION":{"__symbolic":"new","expression":{"__symbolic":"reference","module":"@angular/core","name":"Version"},"arguments":["4.4.7"]},"FormsModule":{"__symbolic":"class","decorators":[{"__symbolic":"call","expression":{"__symbolic":"reference","module":"@angular/core","name":"NgModule"},"arguments":[{"declarations":{"__symbolic":"reference","name":"ɵy"},"providers":[{"__symbolic":"reference","name":"ɵi"}],"exports":[{"__symbolic":"reference","name":"ɵba"},{"__symbolic":"reference","name":"ɵy"}]}]}],"members":{}},"ReactiveFormsModule":{"__symbolic":"class","decorators":[{"__symbolic":"call","expression":{"__symbolic":"reference","module":"@angular/core","name":"NgModule"},"arguments":[{"declarations":[{"__symbolic":"reference","name":"ɵz"}],"providers":[{"__symbolic":"reference","name":"FormBuilder"},{"__symbolic":"reference","name":"ɵi"}],"exports":[{"__symbolic":"reference","name":"ɵba"},{"__symbolic":"reference","name":"ɵz"}]}]}],"members":{}},"ɵx":[{"__symbolic":"reference","name":"ɵbf"},{"__symbolic":"reference","name":"NgSelectOption"},{"__symbolic":"reference","name":"ɵq"},{"__symbolic":"reference","name":"DefaultValueAccessor"},{"__symbolic":"reference","name":"ɵbc"},{"__symbolic":"reference","name":"ɵbe"},{"__symbolic":"reference","name":"CheckboxControlValueAccessor"},{"__symbolic":"reference","name":"SelectControlValueAccessor"},{"__symbolic":"reference","name":"SelectMultipleControlValueAccessor"},{"__symbolic":"reference","name":"RadioControlValueAccessor"},{"__symbolic":"reference","name":"NgControlStatus"},{"__symbolic":"reference","name":"NgControlStatusGroup"},{"__symbolic":"reference","name":"RequiredValidator"},{"__symbolic":"reference","name":"MinLengthValidator"},{"__symbolic":"reference","name":"MaxLengthValidator"},{"__symbolic":"reference","name":"PatternValidator"},{"__symbolic":"reference","name":"CheckboxRequiredValidator"},{"__symbolic":"reference","name":"EmailValidator"}],"ɵy":[{"__symbolic":"reference","name":"NgModel"},{"__symbolic":"reference","name":"NgModelGroup"},{"__symbolic":"reference","name":"NgForm"}],"ɵz":[{"__symbolic":"reference","name":"FormControlDirective"},{"__symbolic":"reference","name":"FormGroupDirective"},{"__symbolic":"reference","name":"FormControlName"},{"__symbolic":"reference","name":"FormGroupName"},{"__symbolic":"reference","name":"FormArrayName"}],"ɵba":{"__symbolic":"class","decorators":[{"__symbolic":"call","expression":{"__symbolic":"reference","module":"@angular/core","name":"NgModule"},"arguments":[{"declarations":{"__symbolic":"reference","name":"ɵx"},"exports":{"__symbolic":"reference","name":"ɵx"}}]}],"members":{}},"ɵbb":{"provide":{"__symbolic":"reference","name":"NG_VALUE_ACCESSOR"},"useExisting":{"__symbolic":"reference","name":"ɵbc"},"multi":true},"ɵbc":{"__symbolic":"class","decorators":[{"__symbolic":"call","expression":{"__symbolic":"reference","module":"@angular/core","name":"Directive"},"arguments":[{"selector":"input[type=number][formControlName],input[type=number][formControl],input[type=number][ngModel]","host":{"(change)":"onChange($event.target.value)","(input)":"onChange($event.target.value)","(blur)":"onTouched()"},"providers":[{"__symbolic":"reference","name":"ɵbb"}]}]}],"members":{"__ctor__":[{"__symbolic":"constructor","parameters":[{"__symbolic":"reference","module":"@angular/core","name":"Renderer2"},{"__symbolic":"reference","module":"@angular/core","name":"ElementRef"}]}],"writeValue":[{"__symbolic":"method"}],"registerOnChange":[{"__symbolic":"method"}],"registerOnTouched":[{"__symbolic":"method"}],"setDisabledState":[{"__symbolic":"method"}]}},"ɵbd":{"provide":{"__symbolic":"reference","name":"NG_VALUE_ACCESSOR"},"useExisting":{"__symbolic":"reference","name":"ɵbe"},"multi":true},"ɵbe":{"__symbolic":"class","decorators":[{"__symbolic":"call","expression":{"__symbolic":"reference","module":"@angular/core","name":"Directive"},"arguments":[{"selector":"input[type=range][formControlName],input[type=range][formControl],input[type=range][ngModel]","host":{"(change)":"onChange($event.target.value)","(input)":"onChange($event.target.value)","(blur)":"onTouched()"},"providers":[{"__symbolic":"reference","name":"ɵbd"}]}]}],"members":{"__ctor__":[{"__symbolic":"constructor","parameters":[{"__symbolic":"reference","module":"@angular/core","name":"Renderer2"},{"__symbolic":"reference","module":"@angular/core","name":"ElementRef"}]}],"writeValue":[{"__symbolic":"method"}],"registerOnChange":[{"__symbolic":"method"}],"registerOnTouched":[{"__symbolic":"method"}],"setDisabledState":[{"__symbolic":"method"}]}},"ɵbf":{"__symbolic":"class","decorators":[{"__symbolic":"call","expression":{"__symbolic":"reference","module":"@angular/core","name":"Directive"},"arguments":[{"selector":"form:not([ngNoForm]):not([ngNativeValidate])","host":{"novalidate":""}}]}],"members":{}}},"origins":{"ɵa":"./src/directives/checkbox_value_accessor","ɵb":"./src/directives/default_value_accessor","ɵc":"./src/directives/ng_control_status","ɵd":"./src/directives/ng_control_status","ɵe":"./src/directives/ng_form","ɵf":"./src/directives/ng_model","ɵg":"./src/directives/ng_model_group","ɵh":"./src/directives/radio_control_value_accessor","ɵi":"./src/directives/radio_control_value_accessor","ɵj":"./src/directives/reactive_directives/form_control_directive","ɵk":"./src/directives/reactive_directives/form_control_name","ɵl":"./src/directives/reactive_directives/form_group_directive","ɵm":"./src/directives/reactive_directives/form_group_name","ɵn":"./src/directives/reactive_directives/form_group_name","ɵo":"./src/directives/select_control_value_accessor","ɵp":"./src/directives/select_multiple_control_value_accessor","ɵq":"./src/directives/select_multiple_control_value_accessor","ɵr":"./src/directives/validators","ɵs":"./src/directives/validators","ɵt":"./src/directives/validators","ɵu":"./src/directives/validators","ɵv":"./src/directives/validators","ɵw":"./src/directives/validators","AbstractControlDirective":"./src/directives/abstract_control_directive","AbstractFormGroupDirective":"./src/directives/abstract_form_group_directive","CheckboxControlValueAccessor":"./src/directives/checkbox_value_accessor","ControlContainer":"./src/directives/control_container","ControlValueAccessor":"./src/directives/control_value_accessor","NG_VALUE_ACCESSOR":"./src/directives/control_value_accessor","COMPOSITION_BUFFER_MODE":"./src/directives/default_value_accessor","DefaultValueAccessor":"./src/directives/default_value_accessor","Form":"./src/directives/form_interface","NgControl":"./src/directives/ng_control","NgControlStatus":"./src/directives/ng_control_status","NgControlStatusGroup":"./src/directives/ng_control_status","NgForm":"./src/directives/ng_form","NgModel":"./src/directives/ng_model","NgModelGroup":"./src/directives/ng_model_group","RadioControlValueAccessor":"./src/directives/radio_control_value_accessor","FormControlDirective":"./src/directives/reactive_directives/form_control_directive","FormControlName":"./src/directives/reactive_directives/form_control_name","FormGroupDirective":"./src/directives/reactive_directives/form_group_directive","FormArrayName":"./src/directives/reactive_directives/form_group_name","FormGroupName":"./src/directives/reactive_directives/form_group_name","NgSelectOption":"./src/directives/select_control_value_accessor","SelectControlValueAccessor":"./src/directives/select_control_value_accessor","SelectMultipleControlValueAccessor":"./src/directives/select_multiple_control_value_accessor","AsyncValidator":"./src/directives/validators","AsyncValidatorFn":"./src/directives/validators","CheckboxRequiredValidator":"./src/directives/validators","EmailValidator":"./src/directives/validators","MaxLengthValidator":"./src/directives/validators","MinLengthValidator":"./src/directives/validators","PatternValidator":"./src/directives/validators","RequiredValidator":"./src/directives/validators","ValidationErrors":"./src/directives/validators","Validator":"./src/directives/validators","ValidatorFn":"./src/directives/validators","FormBuilder":"./src/form_builder","AbstractControl":"./src/model","FormArray":"./src/model","FormControl":"./src/model","FormGroup":"./src/model","NG_ASYNC_VALIDATORS":"./src/validators","NG_VALIDATORS":"./src/validators","Validators":"./src/validators","VERSION":"./src/version","FormsModule":"./src/form_providers","ReactiveFormsModule":"./src/form_providers","ɵx":"./src/directives","ɵy":"./src/directives","ɵz":"./src/directives","ɵba":"./src/directives","ɵbb":"./src/directives/number_value_accessor","ɵbc":"./src/directives/number_value_accessor","ɵbd":"./src/directives/range_value_accessor","ɵbe":"./src/directives/range_value_accessor","ɵbf":"./src/directives/ng_no_validate_directive"},"importAs":"@angular/forms"}