{
  "title":"CSS Gradients",
  "description":"Method of defining a linear or radial color gradient as a CSS image.",
  "spec":"https://www.w3.org/TR/css3-images/",
  "status":"cr",
  "links":[
    {
      "url":"http://www.colorzilla.com/gradient-editor/",
      "title":"Cross-browser editor"
    },
    {
      "url":"http://css3pie.com/",
      "title":"Tool to emulate support in IE"
    },
    {
      "url":"https://www.webplatform.org/docs/css/functions/linear-gradient",
      "title":"WebPlatform Docs"
    }
  ],
  "bugs":[
    
  ],
  "categories":[
    "CSS3"
  ],
  "stats":{
    "ie":{
      "5.5":"n",
      "6":"n",
      "7":"n",
      "8":"n",
      "9":"n",
      "10":"y",
      "11":"y"
    },
    "edge":{
      "12":"y",
      "13":"y",
      "14":"y",
      "15":"y",
      "16":"y",
      "17":"y",
      "18":"y"
    },
    "firefox":{
      "2":"n",
      "3":"n",
      "3.5":"n",
      "3.6":"a x #2",
      "4":"a x #2",
      "5":"a x #2",
      "6":"a x #2",
      "7":"a x #2",
      "8":"a x #2",
      "9":"a x #2",
      "10":"a x #2",
      "11":"a x #2",
      "12":"a x #2",
      "13":"a x #2",
      "14":"a x #2",
      "15":"a x #2",
      "16":"a #2",
      "17":"a #2",
      "18":"a #2",
      "19":"a #2",
      "20":"a #2",
      "21":"a #2",
      "22":"a #2",
      "23":"a #2",
      "24":"a #2",
      "25":"a #2",
      "26":"a #2",
      "27":"a #2",
      "28":"a #2",
      "29":"a #2",
      "30":"a #2",
      "31":"a #2",
      "32":"a #2",
      "33":"a #2",
      "34":"a #2",
      "35":"a #2",
      "36":"y",
      "37":"y",
      "38":"y",
      "39":"y",
      "40":"y",
      "41":"y",
      "42":"y",
      "43":"y",
      "44":"y",
      "45":"y",
      "46":"y",
      "47":"y",
      "48":"y",
      "49":"y",
      "50":"y",
      "51":"y",
      "52":"y",
      "53":"y",
      "54":"y",
      "55":"y",
      "56":"y",
      "57":"y",
      "58":"y",
      "59":"y",
      "60":"y",
      "61":"y",
      "62":"y",
      "63":"y"
    },
    "chrome":{
      "4":"a x #3",
      "5":"a x #3",
      "6":"a x #3",
      "7":"a x #3",
      "8":"a x #3",
      "9":"a x #3",
      "10":"y x",
      "11":"y x",
      "12":"y x",
      "13":"y x",
      "14":"y x",
      "15":"y x",
      "16":"y x",
      "17":"y x",
      "18":"y x",
      "19":"y x",
      "20":"y x",
      "21":"y x",
      "22":"y x",
      "23":"y x",
      "24":"y x",
      "25":"y x",
      "26":"y",
      "27":"y",
      "28":"y",
      "29":"y",
      "30":"y",
      "31":"y",
      "32":"y",
      "33":"y",
      "34":"y",
      "35":"y",
      "36":"y",
      "37":"y",
      "38":"y",
      "39":"y",
      "40":"y",
      "41":"y",
      "42":"y",
      "43":"y",
      "44":"y",
      "45":"y",
      "46":"y",
      "47":"y",
      "48":"y",
      "49":"y",
      "50":"y",
      "51":"y",
      "52":"y",
      "53":"y",
      "54":"y",
      "55":"y",
      "56":"y",
      "57":"y",
      "58":"y",
      "59":"y",
      "60":"y",
      "61":"y",
      "62":"y",
      "63":"y",
      "64":"y",
      "65":"y",
      "66":"y",
      "67":"y",
      "68":"y",
      "69":"y",
      "70":"y",
      "71":"y"
    },
    "safari":{
      "3.1":"n",
      "3.2":"n",
      "4":"a x #2 #3",
      "5":"a x #2 #3",
      "5.1":"a x #2",
      "6":"a x #2",
      "6.1":"a #2",
      "7":"a #2",
      "7.1":"a #2",
      "8":"a #2",
      "9":"a #2",
      "9.1":"a #2",
      "10":"a #2",
      "10.1":"a #2",
      "11":"a #2",
      "11.1":"a #2",
      "12":"a #2",
      "TP":"a #2"
    },
    "opera":{
      "9":"n",
      "9.5-9.6":"n",
      "10.0-10.1":"n",
      "10.5":"n",
      "10.6":"n",
      "11":"n",
      "11.1":"a x #1",
      "11.5":"a x #1",
      "11.6":"y x",
      "12":"y x",
      "12.1":"y",
      "15":"y",
      "16":"y",
      "17":"y",
      "18":"y",
      "19":"y",
      "20":"y",
      "21":"y",
      "22":"y",
      "23":"y",
      "24":"y",
      "25":"y",
      "26":"y",
      "27":"y",
      "28":"y",
      "29":"y",
      "30":"y",
      "31":"y",
      "32":"y",
      "33":"y",
      "34":"y",
      "35":"y",
      "36":"y",
      "37":"y",
      "38":"y",
      "39":"y",
      "40":"y",
      "41":"y",
      "42":"y",
      "43":"y",
      "44":"y",
      "45":"y",
      "46":"y",
      "47":"y",
      "48":"y",
      "49":"y",
      "50":"y",
      "51":"y",
      "52":"y",
      "53":"y",
      "54":"y",
      "55":"y"
    },
    "ios_saf":{
      "3.2":"a x #2 #3",
      "4.0-4.1":"a x #2 #3",
      "4.2-4.3":"a x #2 #3",
      "5.0-5.1":"a x #2",
      "6.0-6.1":"a x #2",
      "7.0-7.1":"a #2",
      "8":"a #2",
      "8.1-8.4":"a #2",
      "9.0-9.2":"a #2",
      "9.3":"a #2",
      "10.0-10.2":"a #2",
      "10.3":"a #2",
      "11.0-11.2":"a #2",
      "11.3-11.4":"a #2",
      "12":"a #2"
    },
    "op_mini":{
      "all":"n"
    },
    "android":{
      "2.1":"a x #3",
      "2.2":"a x #3",
      "2.3":"a x #3",
      "3":"a x #3",
      "4":"y x",
      "4.1":"y x",
      "4.2-4.3":"y x",
      "4.4":"y",
      "4.4.3-4.4.4":"y",
      "67":"y"
    },
    "bb":{
      "7":"a x #3",
      "10":"y"
    },
    "op_mob":{
      "10":"n",
      "11":"n",
      "11.1":"a x #1",
      "11.5":"a x #1",
      "12":"y x",
      "12.1":"y",
      "46":"y"
    },
    "and_chr":{
      "67":"y"
    },
    "and_ff":{
      "60":"y"
    },
    "ie_mob":{
      "10":"y",
      "11":"y"
    },
    "and_uc":{
      "11.8":"y"
    },
    "samsung":{
      "4":"y",
      "5":"y",
      "6.2":"y",
      "7.2":"y"
    },
    "and_qq":{
      "1.2":"y"
    },
    "baidu":{
      "7.12":"y"
    }
  },
  "notes":"Syntax used by browsers with prefixed support may be incompatible with that for proper support.\r\n\r\nSupport can be somewhat emulated in older IE versions using the non-standard \"gradient\" filter. \r\n\r\nFirefox 10+, Opera 11.6+, Chrome 26+ and IE10+ also support the new \"to (side)\" syntax.",
  "notes_by_num":{
    "1":"Partial support in Opera 11.10 and 11.50 also refers to only having support for linear gradients.",
    "2":"Partial support in Safari and Older Firefox versions refers to not using premultiplied colors which results in unexpected behavior when using the transparent keyword as advised by the [spec](https://www.w3.org/TR/2012/CR-css3-images-20120417/#color-stop-syntax).",
    "3":"Implements an earlier prefixed syntax as `-webkit-gradient`"
  },
  "usage_perc_y":80.57,
  "usage_perc_a":12.46,
  "ucprefix":false,
  "parent":"",
  "keywords":"linear,linear-gradient,gradiant",
  "ie_id":"gradients",
  "chrome_id":"5785905063264256",
  "firefox_id":"",
  "webkit_id":"",
  "shown":true
}
