{
  "title":"Blending of HTML/SVG elements",
  "description":"Allows blending between arbitrary SVG and HTML elements",
  "spec":"https://www.w3.org/TR/compositing-1/#mix-blend-mode",
  "status":"cr",
  "links":[
    {
      "url":"https://codepen.io/bennettfeely/pen/csjzd",
      "title":"codepen example"
    },
    {
      "url":"https://css-tricks.com/basics-css-blend-modes/",
      "title":"Blog post"
    }
  ],
  "bugs":[
    {
      "description":"Firefox on OSX [has a bug](https://bugzilla.mozilla.org/show_bug.cgi?id=1135271) where content may turn entirely black"
    },
    {
      "description":"[Chrome](https://bugs.chromium.org/p/chromium/issues/detail?id=762966)/Opera sometimes renders mix-blend-mode incorrectly. [There is a workaround though.](https://codepen.io/lumio/pen/vJqExB)"
    }
  ],
  "categories":[
    "CSS"
  ],
  "stats":{
    "ie":{
      "5.5":"n",
      "6":"n",
      "7":"n",
      "8":"n",
      "9":"n",
      "10":"n",
      "11":"n"
    },
    "edge":{
      "12":"n",
      "13":"n",
      "14":"n",
      "15":"n",
      "16":"n",
      "17":"n",
      "18":"n"
    },
    "firefox":{
      "2":"n",
      "3":"n",
      "3.5":"n",
      "3.6":"n",
      "4":"n",
      "5":"n",
      "6":"n",
      "7":"n",
      "8":"n",
      "9":"n",
      "10":"n",
      "11":"n",
      "12":"n",
      "13":"n",
      "14":"n",
      "15":"n",
      "16":"n",
      "17":"n",
      "18":"n",
      "19":"n",
      "20":"n",
      "21":"n",
      "22":"n",
      "23":"n",
      "24":"n",
      "25":"n",
      "26":"n",
      "27":"n",
      "28":"n",
      "29":"n",
      "30":"n",
      "31":"n",
      "32":"y",
      "33":"y",
      "34":"y",
      "35":"y",
      "36":"y",
      "37":"y",
      "38":"y",
      "39":"y",
      "40":"y",
      "41":"y",
      "42":"y",
      "43":"y",
      "44":"y",
      "45":"y",
      "46":"y",
      "47":"y",
      "48":"y",
      "49":"y",
      "50":"y",
      "51":"y",
      "52":"y",
      "53":"y",
      "54":"y",
      "55":"y",
      "56":"y",
      "57":"y",
      "58":"y",
      "59":"y",
      "60":"y",
      "61":"y",
      "62":"y",
      "63":"y"
    },
    "chrome":{
      "4":"n",
      "5":"n",
      "6":"n",
      "7":"n",
      "8":"n",
      "9":"n",
      "10":"n",
      "11":"n",
      "12":"n",
      "13":"n",
      "14":"n",
      "15":"n",
      "16":"n",
      "17":"n",
      "18":"n",
      "19":"n",
      "20":"n",
      "21":"n",
      "22":"n",
      "23":"n",
      "24":"n",
      "25":"n",
      "26":"n",
      "27":"n",
      "28":"n",
      "29":"n d #1",
      "30":"n d #1",
      "31":"n d #1",
      "32":"n d #1",
      "33":"n d #1",
      "34":"n d #1",
      "35":"n d #1",
      "36":"n d #1",
      "37":"n d #1",
      "38":"n d #1",
      "39":"n d #1",
      "40":"n d #1",
      "41":"y",
      "42":"y",
      "43":"y",
      "44":"y",
      "45":"y",
      "46":"y",
      "47":"y",
      "48":"y",
      "49":"y",
      "50":"y",
      "51":"y",
      "52":"y",
      "53":"y",
      "54":"y",
      "55":"y",
      "56":"y",
      "57":"y",
      "58":"y",
      "59":"y",
      "60":"y",
      "61":"y",
      "62":"y",
      "63":"y",
      "64":"y",
      "65":"y",
      "66":"y",
      "67":"y",
      "68":"y",
      "69":"y",
      "70":"y",
      "71":"y"
    },
    "safari":{
      "3.1":"n",
      "3.2":"n",
      "4":"n",
      "5":"n",
      "5.1":"n",
      "6":"n",
      "6.1":"n",
      "7":"n",
      "7.1":"a #2",
      "8":"a #2",
      "9":"a #2",
      "9.1":"a #2",
      "10":"a #2",
      "10.1":"a #2",
      "11":"a #2",
      "11.1":"a #2",
      "12":"a #2",
      "TP":"a #2"
    },
    "opera":{
      "9":"n",
      "9.5-9.6":"n",
      "10.0-10.1":"n",
      "10.5":"n",
      "10.6":"n",
      "11":"n",
      "11.1":"n",
      "11.5":"n",
      "11.6":"n",
      "12":"n",
      "12.1":"n",
      "15":"n",
      "16":"n",
      "17":"n",
      "18":"n",
      "19":"n",
      "20":"n",
      "21":"n",
      "22":"n",
      "23":"n",
      "24":"n",
      "25":"n",
      "26":"n",
      "27":"n",
      "28":"n",
      "29":"y",
      "30":"y",
      "31":"y",
      "32":"y",
      "33":"y",
      "34":"y",
      "35":"y",
      "36":"y",
      "37":"y",
      "38":"y",
      "39":"y",
      "40":"y",
      "41":"y",
      "42":"y",
      "43":"y",
      "44":"y",
      "45":"y",
      "46":"y",
      "47":"y",
      "48":"y",
      "49":"y",
      "50":"y",
      "51":"y",
      "52":"y",
      "53":"y",
      "54":"y",
      "55":"y"
    },
    "ios_saf":{
      "3.2":"n",
      "4.0-4.1":"n",
      "4.2-4.3":"n",
      "5.0-5.1":"n",
      "6.0-6.1":"n",
      "7.0-7.1":"n",
      "8":"a #2",
      "8.1-8.4":"a #2",
      "9.0-9.2":"a #2",
      "9.3":"a #2",
      "10.0-10.2":"a #2",
      "10.3":"a #2",
      "11.0-11.2":"a #2",
      "11.3-11.4":"a #2",
      "12":"a #2"
    },
    "op_mini":{
      "all":"n"
    },
    "android":{
      "2.1":"n",
      "2.2":"n",
      "2.3":"n",
      "3":"n",
      "4":"n",
      "4.1":"n",
      "4.2-4.3":"n",
      "4.4":"n",
      "4.4.3-4.4.4":"n",
      "67":"y"
    },
    "bb":{
      "7":"n",
      "10":"n"
    },
    "op_mob":{
      "10":"n",
      "11":"n",
      "11.1":"n",
      "11.5":"n",
      "12":"n",
      "12.1":"n",
      "46":"y"
    },
    "and_chr":{
      "67":"y"
    },
    "and_ff":{
      "60":"y"
    },
    "ie_mob":{
      "10":"n",
      "11":"n"
    },
    "and_uc":{
      "11.8":"y"
    },
    "samsung":{
      "4":"n",
      "5":"y",
      "6.2":"y",
      "7.2":"y"
    },
    "and_qq":{
      "1.2":"y"
    },
    "baidu":{
      "7.12":"y"
    }
  },
  "notes":"",
  "notes_by_num":{
    "1":"Enabled in Chrome through the \"experimental Web Platform features\" flag in chrome://flags",
    "2":"Partial in Safari refers to not supporting the `hue`, `saturation`, `color`, and `luminosity` blend modes."
  },
  "usage_perc_y":73.1,
  "usage_perc_a":12.06,
  "ucprefix":false,
  "parent":"",
  "keywords":"mix-blend-mode,css blend modes,css blending modes",
  "ie_id":"mixblendmode",
  "chrome_id":"6362616360337408",
  "firefox_id":"",
  "webkit_id":"",
  "shown":true
}
