{
  "title":"CSS4 Hyphenation",
  "description":"Control the spacing and characters used when hyphenating",
  "spec":"https://www.w3.org/TR/css-text-4/#hyphenation",
  "status":"wd",
  "links":[
    {
      "url":"http://webdesign.about.com/od/fonts/a/hyphenation-in-css3.htm",
      "title":"Hyphenation in CSS3"
    }
  ],
  "bugs":[
    
  ],
  "categories":[
    "CSS"
  ],
  "stats":{
    "ie":{
      "5.5":"u",
      "6":"u",
      "7":"u",
      "8":"u",
      "9":"u",
      "10":"u",
      "11":"u"
    },
    "edge":{
      "12":"u",
      "13":"u",
      "14":"u",
      "15":"u",
      "16":"u",
      "17":"u",
      "18":"u"
    },
    "firefox":{
      "2":"u",
      "3":"u",
      "3.5":"u",
      "3.6":"u",
      "4":"u",
      "5":"u",
      "6":"u",
      "7":"u",
      "8":"u",
      "9":"u",
      "10":"u",
      "11":"u",
      "12":"u",
      "13":"u",
      "14":"u",
      "15":"u",
      "16":"u",
      "17":"u",
      "18":"u",
      "19":"u",
      "20":"u",
      "21":"u",
      "22":"u",
      "23":"u",
      "24":"u",
      "25":"u",
      "26":"u",
      "27":"u",
      "28":"u",
      "29":"u",
      "30":"u",
      "31":"u",
      "32":"u",
      "33":"u",
      "34":"u",
      "35":"u",
      "36":"u",
      "37":"u",
      "38":"u",
      "39":"u",
      "40":"u",
      "41":"u",
      "42":"u",
      "43":"u",
      "44":"u",
      "45":"u",
      "46":"u",
      "47":"u",
      "48":"u",
      "49":"u",
      "50":"u",
      "51":"u",
      "52":"u",
      "53":"u",
      "54":"u",
      "55":"u",
      "56":"u",
      "57":"u",
      "58":"u",
      "59":"u",
      "60":"u",
      "61":"u",
      "62":"u",
      "63":"u"
    },
    "chrome":{
      "4":"u",
      "5":"u",
      "6":"u",
      "7":"u",
      "8":"u",
      "9":"u",
      "10":"u",
      "11":"u",
      "12":"u",
      "13":"u",
      "14":"u",
      "15":"u",
      "16":"u",
      "17":"u",
      "18":"u",
      "19":"u",
      "20":"u",
      "21":"u",
      "22":"u",
      "23":"u",
      "24":"u",
      "25":"u",
      "26":"u",
      "27":"u",
      "28":"u",
      "29":"u",
      "30":"u",
      "31":"u",
      "32":"u",
      "33":"u",
      "34":"u",
      "35":"u",
      "36":"u",
      "37":"u",
      "38":"u",
      "39":"u",
      "40":"u",
      "41":"u",
      "42":"u",
      "43":"u",
      "44":"u",
      "45":"u",
      "46":"u",
      "47":"u",
      "48":"u",
      "49":"u",
      "50":"u",
      "51":"u",
      "52":"u",
      "53":"u",
      "54":"u",
      "55":"y",
      "56":"y",
      "57":"y",
      "58":"y",
      "59":"y",
      "60":"y",
      "61":"y",
      "62":"y",
      "63":"y",
      "64":"y",
      "65":"y",
      "66":"y",
      "67":"y",
      "68":"y",
      "69":"y",
      "70":"y",
      "71":"y"
    },
    "safari":{
      "3.1":"u",
      "3.2":"u",
      "4":"u",
      "5":"u",
      "5.1":"u",
      "6":"u",
      "6.1":"u",
      "7":"u",
      "7.1":"u",
      "8":"u",
      "9":"u",
      "9.1":"u",
      "10":"u",
      "10.1":"u",
      "11":"u",
      "11.1":"u",
      "12":"u",
      "TP":"u"
    },
    "opera":{
      "9":"u",
      "9.5-9.6":"u",
      "10.0-10.1":"u",
      "10.5":"u",
      "10.6":"u",
      "11":"u",
      "11.1":"u",
      "11.5":"u",
      "11.6":"u",
      "12":"u",
      "12.1":"u",
      "15":"u",
      "16":"u",
      "17":"u",
      "18":"u",
      "19":"u",
      "20":"u",
      "21":"u",
      "22":"u",
      "23":"u",
      "24":"u",
      "25":"u",
      "26":"u",
      "27":"u",
      "28":"u",
      "29":"u",
      "30":"u",
      "31":"u",
      "32":"u",
      "33":"u",
      "34":"u",
      "35":"u",
      "36":"u",
      "37":"u",
      "38":"u",
      "39":"u",
      "40":"u",
      "41":"u",
      "42":"u",
      "43":"u",
      "44":"u",
      "45":"u",
      "46":"u",
      "47":"u",
      "48":"u",
      "49":"u",
      "50":"u",
      "51":"u",
      "52":"u",
      "53":"u",
      "54":"u",
      "55":"u"
    },
    "ios_saf":{
      "3.2":"u",
      "4.0-4.1":"u",
      "4.2-4.3":"u",
      "5.0-5.1":"u",
      "6.0-6.1":"u",
      "7.0-7.1":"u",
      "8":"u",
      "8.1-8.4":"u",
      "9.0-9.2":"u",
      "9.3":"u",
      "10.0-10.2":"u",
      "10.3":"u",
      "11.0-11.2":"u",
      "11.3-11.4":"u",
      "12":"u"
    },
    "op_mini":{
      "all":"u"
    },
    "android":{
      "2.1":"u",
      "2.2":"u",
      "2.3":"u",
      "3":"u",
      "4":"u",
      "4.1":"u",
      "4.2-4.3":"u",
      "4.4":"u",
      "4.4.3-4.4.4":"u",
      "67":"u"
    },
    "bb":{
      "7":"u",
      "10":"u"
    },
    "op_mob":{
      "10":"u",
      "11":"u",
      "11.1":"u",
      "11.5":"u",
      "12":"u",
      "12.1":"u",
      "46":"u"
    },
    "and_chr":{
      "67":"u"
    },
    "and_ff":{
      "60":"u"
    },
    "ie_mob":{
      "10":"u",
      "11":"u"
    },
    "and_uc":{
      "11.8":"u"
    },
    "samsung":{
      "4":"u",
      "5":"u",
      "6.2":"u",
      "7.2":"u"
    },
    "and_qq":{
      "1.2":"u"
    },
    "baidu":{
      "7.12":"u"
    }
  },
  "notes":"",
  "notes_by_num":{
    "1":""
  },
  "usage_perc_y":26.48,
  "usage_perc_a":0,
  "ucprefix":false,
  "parent":"",
  "keywords":"hyphenate-character,hyphenate-limit-zone,hyphenate-limit-chars,hyphenate-limit-lines,hyphenate-limit-last",
  "ie_id":"",
  "chrome_id":"",
  "firefox_id":"",
  "webkit_id":"",
  "shown":false
}
