{"__symbolic":"module","version":3,"metadata":{"ɵa":{"__symbolic":"function","parameters":["renderer","engine","zone"],"value":{"__symbolic":"new","expression":{"__symbolic":"reference","module":"@angular/platform-browser/animations","name":"ɵAnimationRendererFactory"},"arguments":[{"__symbolic":"reference","name":"renderer"},{"__symbolic":"reference","name":"engine"},{"__symbolic":"reference","name":"zone"}]}},"PlatformState":{"__symbolic":"class","decorators":[{"__symbolic":"call","expression":{"__symbolic":"reference","module":"@angular/core","name":"Injectable"}}],"members":{"__ctor__":[{"__symbolic":"constructor","parameterDecorators":[[{"__symbolic":"call","expression":{"__symbolic":"reference","module":"@angular/core","name":"Inject"},"arguments":[{"__symbolic":"reference","module":"@angular/platform-browser","name":"DOCUMENT"}]}]],"parameters":[{"__symbolic":"reference","name":"any"}]}],"renderToString":[{"__symbolic":"method"}],"getDocument":[{"__symbolic":"method"}]}},"ServerModule":{"__symbolic":"class","decorators":[{"__symbolic":"call","expression":{"__symbolic":"reference","module":"@angular/core","name":"NgModule"},"arguments":[{"exports":[{"__symbolic":"reference","module":"@angular/platform-browser","name":"BrowserModule"}],"imports":[{"__symbolic":"reference","module":"@angular/http","name":"HttpModule"},{"__symbolic":"reference","module":"@angular/common/http","name":"HttpClientModule"},{"__symbolic":"reference","module":"@angular/platform-browser/animations","name":"NoopAnimationsModule"}],"providers":[{"__symbolic":"reference","name":"ɵSERVER_RENDER_PROVIDERS"},{"__symbolic":"reference","name":"ɵg"},{"provide":{"__symbolic":"reference","module":"@angular/core","name":"Testability"},"useValue":null}]}]}],"members":{}},"platformDynamicServer":{"__symbolic":"call","expression":{"__symbolic":"reference","module":"@angular/core","name":"createPlatformFactory"},"arguments":[{"__symbolic":"reference","module":"@angular/compiler","name":"platformCoreDynamic"},"serverDynamic",{"__symbolic":"reference","name":"ɵINTERNAL_SERVER_PLATFORM_PROVIDERS"}]},"platformServer":{"__symbolic":"call","expression":{"__symbolic":"reference","module":"@angular/core","name":"createPlatformFactory"},"arguments":[{"__symbolic":"reference","module":"@angular/core","name":"platformCore"},"server",{"__symbolic":"reference","name":"ɵINTERNAL_SERVER_PLATFORM_PROVIDERS"}]},"INITIAL_CONFIG":{"__symbolic":"new","expression":{"__symbolic":"reference","module":"@angular/core","name":"InjectionToken"},"arguments":["Server.INITIAL_CONFIG"]},"PlatformConfig":{"__symbolic":"interface"},"renderModule":{"__symbolic":"function"},"renderModuleFactory":{"__symbolic":"function"},"ɵINTERNAL_SERVER_PLATFORM_PROVIDERS":{"__symbolic":"error","message":"Reference to a non-exported function","line":75,"character":9,"context":{"name":"_document"},"module":"./src/server"},"ɵSERVER_RENDER_PROVIDERS":[{"__symbolic":"reference","name":"ɵServerRendererFactory2"},{"provide":{"__symbolic":"reference","module":"@angular/core","name":"RendererFactory2"},"useFactory":{"__symbolic":"reference","name":"ɵa"},"deps":[{"__symbolic":"reference","name":"ɵServerRendererFactory2"},{"__symbolic":"reference","module":"@angular/animations/browser","name":"ɵAnimationEngine"},{"__symbolic":"reference","module":"@angular/core","name":"NgZone"}]},{"__symbolic":"reference","name":"ɵb"},{"provide":{"__symbolic":"reference","module":"@angular/platform-browser","name":"ɵSharedStylesHost"},"useExisting":{"__symbolic":"reference","name":"ɵb"}}],"ɵServerRendererFactory2":{"__symbolic":"class","decorators":[{"__symbolic":"call","expression":{"__symbolic":"reference","module":"@angular/core","name":"Injectable"}}],"members":{"__ctor__":[{"__symbolic":"constructor","parameterDecorators":[null,[{"__symbolic":"call","expression":{"__symbolic":"reference","module":"@angular/core","name":"Inject"},"arguments":[{"__symbolic":"reference","module":"@angular/platform-browser","name":"DOCUMENT"}]}],null],"parameters":[{"__symbolic":"reference","module":"@angular/core","name":"NgZone"},{"__symbolic":"reference","name":"any"},{"__symbolic":"reference","module":"@angular/platform-browser","name":"ɵSharedStylesHost"}]}],"createRenderer":[{"__symbolic":"method"}],"begin":[{"__symbolic":"method"}],"end":[{"__symbolic":"method"}]}},"VERSION":{"__symbolic":"new","expression":{"__symbolic":"reference","module":"@angular/core","name":"Version"},"arguments":["4.4.7"]},"ɵb":{"__symbolic":"class","extends":{"__symbolic":"reference","module":"@angular/platform-browser","name":"ɵSharedStylesHost"},"decorators":[{"__symbolic":"call","expression":{"__symbolic":"reference","module":"@angular/core","name":"Injectable"}}],"members":{"__ctor__":[{"__symbolic":"constructor","parameterDecorators":[[{"__symbolic":"call","expression":{"__symbolic":"reference","module":"@angular/core","name":"Inject"},"arguments":[{"__symbolic":"reference","module":"@angular/platform-browser","name":"DOCUMENT"}]}],[{"__symbolic":"call","expression":{"__symbolic":"reference","module":"@angular/core","name":"Optional"}},{"__symbolic":"call","expression":{"__symbolic":"reference","module":"@angular/core","name":"Inject"},"arguments":[{"__symbolic":"reference","module":"@angular/platform-browser","name":"ɵTRANSITION_ID"}]}]],"parameters":[{"__symbolic":"reference","name":"any"},{"__symbolic":"reference","name":"string"}]}],"_addStyle":[{"__symbolic":"method"}],"onStylesAdded":[{"__symbolic":"method"}]}},"ɵc":{"__symbolic":"class","decorators":[{"__symbolic":"call","expression":{"__symbolic":"reference","module":"@angular/core","name":"Injectable"}}],"members":{"build":[{"__symbolic":"method"}]}},"ɵd":{"__symbolic":"class","decorators":[{"__symbolic":"call","expression":{"__symbolic":"reference","module":"@angular/core","name":"Injectable"}}],"members":{"configureRequest":[{"__symbolic":"method"}]}},"ɵe":{"__symbolic":"function"},"ɵf":{"__symbolic":"function"},"ɵg":[{"provide":{"__symbolic":"reference","module":"@angular/http","name":"Http"},"useFactory":{"__symbolic":"reference","name":"ɵe"},"deps":[{"__symbolic":"reference","module":"@angular/http","name":"XHRBackend"},{"__symbolic":"reference","module":"@angular/http","name":"RequestOptions"}]},{"provide":{"__symbolic":"reference","module":"@angular/http","name":"BrowserXhr"},"useClass":{"__symbolic":"reference","name":"ɵc"}},{"provide":{"__symbolic":"reference","module":"@angular/http","name":"XSRFStrategy"},"useClass":{"__symbolic":"reference","name":"ɵd"}},{"provide":{"__symbolic":"reference","module":"@angular/common/http","name":"XhrFactory"},"useClass":{"__symbolic":"reference","name":"ɵc"}},{"provide":{"__symbolic":"reference","module":"@angular/common/http","name":"HttpHandler"},"useFactory":{"__symbolic":"reference","name":"ɵf"},"deps":[{"__symbolic":"reference","module":"@angular/common/http","name":"HttpBackend"},[{"__symbolic":"new","expression":{"__symbolic":"reference","module":"@angular/core","name":"Optional"}},{"__symbolic":"reference","module":"@angular/common/http","name":"HTTP_INTERCEPTORS"}]]}]},"origins":{"ɵa":"./src/server","PlatformState":"./src/platform_state","ServerModule":"./src/server","platformDynamicServer":"./src/server","platformServer":"./src/server","INITIAL_CONFIG":"./src/tokens","PlatformConfig":"./src/tokens","renderModule":"./src/utils","renderModuleFactory":"./src/utils","ɵINTERNAL_SERVER_PLATFORM_PROVIDERS":"./src/server","ɵSERVER_RENDER_PROVIDERS":"./src/server","ɵServerRendererFactory2":"./src/server_renderer","VERSION":"./src/version","ɵb":"./src/styles_host","ɵc":"./src/http","ɵd":"./src/http","ɵe":"./src/http","ɵf":"./src/http","ɵg":"./src/http"},"importAs":"@angular/platform-server"}